{
	"credit": "By Aillyaes",
	"parent": "block/block",
	"ambientocclusion": false,
	"textures": {
		"0": "block/light_gray_glazed_terracotta",
		"1": "block/quartz_block_bottom",
		"2": "block/quartz_pillar",
		"particle": "block/light_gray_glazed_terracotta"
	},
	"elements": [
		{
			"from": [7, 4, 7],
			"to": [9, 14, 9],
			"faces": {
				"north": {"uv": [6, 0, 10, 16], "texture": "#2"},
				"east": {"uv": [0, 0, 4, 16], "texture": "#2"},
				"south": {"uv": [6, 0, 10, 16], "texture": "#2"},
				"west": {"uv": [0, 0, 4, 16], "texture": "#2"},
				"up": {"uv": [6, 0, 10, 4], "texture": "#2"},
				"down": {"uv": [6, 0, 10, 4], "texture": "#2", "cullface": "down"}
			}
		},
		{
			"from": [5, 15, 5],
			"to": [11, 17, 11],
			"faces": {
				"north": {"uv": [0, 0, 6, 2], "texture": "#1"},
				"east": {"uv": [0, 0, 6, 2], "texture": "#1"},
				"south": {"uv": [0, 0, 6, 2], "texture": "#1"},
				"west": {"uv": [0, 0, 6, 2], "texture": "#1"},
				"up": {"uv": [0, 0, 6, 6], "texture": "#0"},
				"down": {"uv": [7, 0, 9, 16], "texture": "#1"}
			}
		},
		{
			"from": [5, 0, 5],
			"to": [11, 3, 11],
			"faces": {
				"north": {"uv": [0, 0, 6, 3], "texture": "#1"},
				"east": {"uv": [0, 0, 6, 3], "texture": "#1"},
				"south": {"uv": [0, 0, 6, 3], "texture": "#1"},
				"west": {"uv": [0, 0, 6, 3], "texture": "#1"},
				"up": {"uv": [7, 0, 9, 16], "texture": "#1"},
				"down": {"uv": [7, 0, 9, 16], "texture": "#1"}
			}
		},
		{
			"from": [6, 14, 6],
			"to": [10, 15, 10],
			"faces": {
				"north": {"uv": [6, 0, 10, 16], "texture": "#2"},
				"east": {"uv": [12, 0, 16, 16], "texture": "#2"},
				"south": {"uv": [6, 0, 10, 16], "texture": "#2"},
				"west": {"uv": [12, 0, 16, 16], "texture": "#2"},
				"up": {"uv": [6, 12, 10, 16], "texture": "#2"},
				"down": {"uv": [6, 12, 10, 16], "texture": "#2", "cullface": "down"}
			}
		},
		{
			"from": [6, 3, 6],
			"to": [10, 4, 10],
			"faces": {
				"north": {"uv": [6, 0, 10, 16], "texture": "#2"},
				"east": {"uv": [12, 0, 16, 16], "texture": "#2"},
				"south": {"uv": [6, 0, 10, 16], "texture": "#2"},
				"west": {"uv": [12, 0, 16, 16], "texture": "#2"},
				"up": {"uv": [6, 12, 10, 16], "texture": "#2"},
				"down": {"uv": [6, 12, 10, 16], "texture": "#2", "cullface": "down"}
			}
		}
	],
	"display": {
		"gui": {
			"rotation": [30, 135, 0],
			"scale": [0.625, 0.625, 0.625]
		},
		"fixed": {
			"rotation": [0, 90, 0],
			"scale": [0.5, 0.5, 0.5]
		}
	}
}