{
	"credit": "By Aillyaes",
	"parent": "block/block",
	"ambientocclusion": false,
	"textures": {
		"0": "block/light_gray_glazed_terracotta",
		"3": "block/quartz_block_bottom",
		"particle": "block/light_gray_glazed_terracotta"
	},
	"elements": [
		{
			"from": [5, 15, 0],
			"to": [11, 17, 5],
			"faces": {
				"north": {"uv": [0, 0, 6, 2], "texture": "#3"},
				"east": {"uv": [0, 0, 5, 2], "texture": "#3"},
				"south": {"uv": [0, 0, 6, 2], "texture": "#3"},
				"west": {"uv": [0, 0, 5, 2], "texture": "#3"},
				"up": {"uv": [0, 0, 6, 5], "texture": "#0"},
				"down": {"uv": [7, 0, 9, 16], "texture": "#3"}
			}
		},
		{
			"from": [5, 0, 0],
			"to": [11, 3, 5],
			"faces": {
				"north": {"uv": [0, 0, 6, 3], "texture": "#3"},
				"east": {"uv": [0, 0, 5, 3], "texture": "#3"},
				"south": {"uv": [0, 0, 6, 3], "texture": "#3"},
				"west": {"uv": [0, 0, 5, 3], "texture": "#3"},
				"up": {"uv": [0, 0, 6, 5], "texture": "#3"},
				"down": {"uv": [7, 0, 9, 16], "texture": "#3"}
			}
		}
	],
	"display": {
		"gui": {
			"rotation": [30, 135, 0],
			"scale": [0.625, 0.625, 0.625]
		},
		"fixed": {
			"rotation": [0, 90, 0],
			"scale": [0.5, 0.5, 0.5]
		}
	}
}