{
	"credit": "By Aillyaes",
	"textures": {
		"0": "block/command_block_back",
		"1": "block/command_block_front",
		"2": "block/command_block_side",
		"3": "block/crafting_table_front",
		"4": "block/crafting_table_side",
		"5": "block/crafting_table_top",
		"6": "block/oak_log_top",
		"7": "block/oak_planks",
		"8": "block/repeating_command_block_back",
		"9": "block/repeating_command_block_side",
		"10": "block/repeating_command_block_front",
		"11": "block/nether_portal",
		"12": "block/obsidian",
		"particle": "block/crafting_table_top"
	},
	"elements": [
		{
			"from": [0, 0, 0],
			"to": [16, 16, 16],
			"faces": {
				"north": {"uv": [0, 0, 16, 16], "texture": "#3"},
				"east": {"uv": [0, 0, 16, 16], "texture": "#4"},
				"south": {"uv": [0, 0, 16, 16], "texture": "#4"},
				"west": {"uv": [0, 0, 16, 16], "texture": "#3"},
				"up": {"uv": [0, 0, 16, 16], "texture": "#5"},
				"down": {"uv": [0, 0, 16, 16], "texture": "#7"}
			}
		},
		{
			"from": [0, 16, 15],
			"to": [1, 24, 16],
			"faces": {
				"north": {"uv": [0, 0, 1, 8], "texture": "#7"},
				"east": {"uv": [0, 0, 1, 8], "texture": "#7"},
				"south": {"uv": [0, 0, 1, 8], "texture": "#7"},
				"west": {"uv": [0, 0, 1, 8], "texture": "#7"},
				"up": {"uv": [0, 0, 1, 1], "texture": "#7"},
				"down": {"uv": [0, 0, 1, 1], "texture": "#7"}
			}
		},
		{
			"from": [0, 16, 9],
			"to": [1, 24, 10],
			"faces": {
				"north": {"uv": [0, 0, 1, 8], "texture": "#7"},
				"east": {"uv": [0, 0, 1, 8], "texture": "#7"},
				"south": {"uv": [0, 0, 1, 8], "texture": "#7"},
				"west": {"uv": [0, 0, 1, 8], "texture": "#7"},
				"up": {"uv": [0, 0, 1, 1], "texture": "#7"},
				"down": {"uv": [0, 0, 1, 1], "texture": "#7"}
			}
		},
		{
			"from": [15, 16, 15],
			"to": [16, 24, 16],
			"faces": {
				"north": {"uv": [0, 0, 1, 8], "texture": "#7"},
				"east": {"uv": [0, 0, 1, 8], "texture": "#7"},
				"south": {"uv": [0, 0, 1, 8], "texture": "#7"},
				"west": {"uv": [0, 0, 1, 8], "texture": "#7"},
				"up": {"uv": [0, 0, 1, 1], "texture": "#7"},
				"down": {"uv": [0, 0, 1, 1], "texture": "#7"}
			}
		},
		{
			"from": [15, 16, 9],
			"to": [16, 24, 10],
			"faces": {
				"north": {"uv": [0, 0, 1, 8], "texture": "#7"},
				"east": {"uv": [0, 0, 1, 8], "texture": "#7"},
				"south": {"uv": [0, 0, 1, 8], "texture": "#7"},
				"west": {"uv": [0, 0, 1, 8], "texture": "#7"},
				"up": {"uv": [0, 0, 1, 1], "texture": "#7"},
				"down": {"uv": [0, 0, 1, 1], "texture": "#7"}
			}
		},
		{
			"from": [0, 24, 8],
			"to": [16, 25, 16],
			"faces": {
				"north": {"uv": [0, 0, 16, 1], "texture": "#6"},
				"east": {"uv": [0, 0, 8, 1], "texture": "#6"},
				"south": {"uv": [0, 0, 16, 1], "texture": "#6"},
				"west": {"uv": [0, 0, 8, 1], "texture": "#6"},
				"up": {"uv": [0, 4, 16, 12], "texture": "#6"},
				"down": {"uv": [0, 4, 16, 12], "texture": "#6"}
			}
		},
		{
			"from": [3, 25, 11],
			"to": [6, 28, 14],
			"rotation": {"angle": -22.5, "axis": "y", "origin": [8, 8, 8]},
			"faces": {
				"north": {"uv": [0, 0, 16, 16], "texture": "#1"},
				"east": {"uv": [0, 0, 16, 16], "rotation": 90, "texture": "#2"},
				"south": {"uv": [0, 0, 16, 16], "texture": "#0"},
				"west": {"uv": [0, 0, 16, 16], "rotation": 270, "texture": "#2"},
				"up": {"uv": [0, 0, 16, 16], "texture": "#2"},
				"down": {"uv": [0, 0, 3, 3], "texture": "#missing"}
			}
		},
		{
			"from": [10, 16, 11],
			"to": [13, 19, 14],
			"rotation": {"angle": 22.5, "axis": "y", "origin": [8, 8, 8]},
			"faces": {
				"north": {"uv": [0, 0, 16, 16], "texture": "#10"},
				"east": {"uv": [0, 0, 16, 16], "rotation": 90, "texture": "#9"},
				"south": {"uv": [0, 0, 16, 16], "texture": "#8"},
				"west": {"uv": [0, 0, 16, 16], "rotation": 270, "texture": "#9"},
				"up": {"uv": [0, 0, 16, 16], "texture": "#9"},
				"down": {"uv": [0, 0, 3, 3], "texture": "#missing"}
			}
		},
		{
			"from": [-1, 16, 6],
			"to": [0, 17, 7],
			"rotation": {"angle": -22.5, "axis": "y", "origin": [-9, 24, 15]},
			"faces": {
				"north": {"uv": [0, 0, 16, 16], "texture": "#12"},
				"east": {"uv": [0, 0, 16, 16], "texture": "#12"},
				"south": {"uv": [0, 0, 16, 16], "texture": "#12"},
				"west": {"uv": [0, 0, 16, 16], "texture": "#12"},
				"up": {"uv": [0, 0, 16, 16], "texture": "#12"},
				"down": {"uv": [0, 0, 16, 16], "texture": "#12"}
			}
		},
		{
			"from": [0, 16, 6],
			"to": [1, 17, 7],
			"rotation": {"angle": -22.5, "axis": "y", "origin": [-9, 24, 15]},
			"faces": {
				"north": {"uv": [0, 0, 16, 16], "texture": "#12"},
				"east": {"uv": [0, 0, 16, 16], "texture": "#12"},
				"south": {"uv": [0, 0, 16, 16], "texture": "#12"},
				"west": {"uv": [0, 0, 16, 16], "texture": "#12"},
				"up": {"uv": [0, 0, 16, 16], "texture": "#12"},
				"down": {"uv": [0, 0, 16, 16], "texture": "#12"}
			}
		},
		{
			"from": [1, 16, 6],
			"to": [2, 17, 7],
			"rotation": {"angle": -22.5, "axis": "y", "origin": [-9, 24, 15]},
			"faces": {
				"north": {"uv": [0, 0, 16, 16], "texture": "#12"},
				"east": {"uv": [0, 0, 16, 16], "texture": "#12"},
				"south": {"uv": [0, 0, 16, 16], "texture": "#12"},
				"west": {"uv": [0, 0, 16, 16], "texture": "#12"},
				"up": {"uv": [0, 0, 16, 16], "texture": "#12"},
				"down": {"uv": [0, 0, 16, 16], "texture": "#12"}
			}
		},
		{
			"from": [2, 16, 6],
			"to": [3, 17, 7],
			"rotation": {"angle": -22.5, "axis": "y", "origin": [-9, 24, 15]},
			"faces": {
				"north": {"uv": [0, 0, 16, 16], "texture": "#12"},
				"east": {"uv": [0, 0, 16, 16], "texture": "#12"},
				"south": {"uv": [0, 0, 16, 16], "texture": "#12"},
				"west": {"uv": [0, 0, 16, 16], "texture": "#12"},
				"up": {"uv": [0, 0, 16, 16], "texture": "#12"},
				"down": {"uv": [0, 0, 16, 16], "texture": "#12"}
			}
		},
		{
			"from": [2, 17, 6],
			"to": [3, 18, 7],
			"rotation": {"angle": -22.5, "axis": "y", "origin": [-9, 24, 15]},
			"faces": {
				"north": {"uv": [0, 0, 16, 16], "texture": "#12"},
				"east": {"uv": [0, 0, 16, 16], "texture": "#12"},
				"south": {"uv": [0, 0, 16, 16], "texture": "#12"},
				"west": {"uv": [0, 0, 16, 16], "texture": "#12"},
				"up": {"uv": [0, 0, 16, 16], "texture": "#12"},
				"down": {"uv": [0, 0, 16, 16], "texture": "#12"}
			}
		},
		{
			"from": [2, 18, 6],
			"to": [3, 19, 7],
			"rotation": {"angle": -22.5, "axis": "y", "origin": [-9, 24, 15]},
			"faces": {
				"north": {"uv": [0, 0, 16, 16], "texture": "#12"},
				"east": {"uv": [0, 0, 16, 16], "texture": "#12"},
				"south": {"uv": [0, 0, 16, 16], "texture": "#12"},
				"west": {"uv": [0, 0, 16, 16], "texture": "#12"},
				"up": {"uv": [0, 0, 16, 16], "texture": "#12"},
				"down": {"uv": [0, 0, 16, 16], "texture": "#12"}
			}
		},
		{
			"from": [2, 19, 6],
			"to": [3, 20, 7],
			"rotation": {"angle": -22.5, "axis": "y", "origin": [-9, 24, 15]},
			"faces": {
				"north": {"uv": [0, 0, 16, 16], "texture": "#12"},
				"east": {"uv": [0, 0, 16, 16], "texture": "#12"},
				"south": {"uv": [0, 0, 16, 16], "texture": "#12"},
				"west": {"uv": [0, 0, 16, 16], "texture": "#12"},
				"up": {"uv": [0, 0, 16, 16], "texture": "#12"},
				"down": {"uv": [0, 0, 16, 16], "texture": "#12"}
			}
		},
		{
			"from": [0, 20, 6],
			"to": [1, 21, 7],
			"rotation": {"angle": -22.5, "axis": "y", "origin": [-9, 24, 15]},
			"faces": {
				"north": {"uv": [0, 0, 16, 16], "texture": "#12"},
				"east": {"uv": [0, 0, 16, 16], "texture": "#12"},
				"south": {"uv": [0, 0, 16, 16], "texture": "#12"},
				"west": {"uv": [0, 0, 16, 16], "texture": "#12"},
				"up": {"uv": [0, 0, 16, 16], "texture": "#12"},
				"down": {"uv": [0, 0, 16, 16], "texture": "#12"}
			}
		},
		{
			"from": [-1, 20, 6],
			"to": [0, 21, 7],
			"rotation": {"angle": -22.5, "axis": "y", "origin": [-9, 24, 15]},
			"faces": {
				"north": {"uv": [0, 0, 16, 16], "texture": "#12"},
				"east": {"uv": [0, 0, 16, 16], "texture": "#12"},
				"south": {"uv": [0, 0, 16, 16], "texture": "#12"},
				"west": {"uv": [0, 0, 16, 16], "texture": "#12"},
				"up": {"uv": [0, 0, 16, 16], "texture": "#12"},
				"down": {"uv": [0, 0, 16, 16], "texture": "#12"}
			}
		},
		{
			"from": [1, 20, 6],
			"to": [2, 21, 7],
			"rotation": {"angle": -22.5, "axis": "y", "origin": [-9, 24, 15]},
			"faces": {
				"north": {"uv": [0, 0, 16, 16], "texture": "#12"},
				"east": {"uv": [0, 0, 16, 16], "texture": "#12"},
				"south": {"uv": [0, 0, 16, 16], "texture": "#12"},
				"west": {"uv": [0, 0, 16, 16], "texture": "#12"},
				"up": {"uv": [0, 0, 16, 16], "texture": "#12"},
				"down": {"uv": [0, 0, 16, 16], "texture": "#12"}
			}
		},
		{
			"from": [2, 20, 6],
			"to": [3, 21, 7],
			"rotation": {"angle": -22.5, "axis": "y", "origin": [-9, 24, 15]},
			"faces": {
				"north": {"uv": [0, 0, 16, 16], "texture": "#12"},
				"east": {"uv": [0, 0, 16, 16], "texture": "#12"},
				"south": {"uv": [0, 0, 16, 16], "texture": "#12"},
				"west": {"uv": [0, 0, 16, 16], "texture": "#12"},
				"up": {"uv": [0, 0, 16, 16], "texture": "#12"},
				"down": {"uv": [0, 0, 16, 16], "texture": "#12"}
			}
		},
		{
			"from": [-1, 17, 6],
			"to": [0, 18, 7],
			"rotation": {"angle": -22.5, "axis": "y", "origin": [-9, 24, 15]},
			"faces": {
				"north": {"uv": [0, 0, 16, 16], "texture": "#12"},
				"east": {"uv": [0, 0, 16, 16], "texture": "#12"},
				"south": {"uv": [0, 0, 16, 16], "texture": "#12"},
				"west": {"uv": [0, 0, 16, 16], "texture": "#12"},
				"up": {"uv": [0, 0, 16, 16], "texture": "#12"},
				"down": {"uv": [0, 0, 16, 16], "texture": "#12"}
			}
		},
		{
			"from": [-1, 18, 6],
			"to": [0, 19, 7],
			"rotation": {"angle": -22.5, "axis": "y", "origin": [-9, 24, 15]},
			"faces": {
				"north": {"uv": [0, 0, 16, 16], "texture": "#12"},
				"east": {"uv": [0, 0, 16, 16], "texture": "#12"},
				"south": {"uv": [0, 0, 16, 16], "texture": "#12"},
				"west": {"uv": [0, 0, 16, 16], "texture": "#12"},
				"up": {"uv": [0, 0, 16, 16], "texture": "#12"},
				"down": {"uv": [0, 0, 16, 16], "texture": "#12"}
			}
		},
		{
			"from": [-1, 19, 6],
			"to": [0, 20, 7],
			"rotation": {"angle": -22.5, "axis": "y", "origin": [-9, 24, 15]},
			"faces": {
				"north": {"uv": [0, 0, 16, 16], "texture": "#12"},
				"east": {"uv": [0, 0, 16, 16], "texture": "#12"},
				"south": {"uv": [0, 0, 16, 16], "texture": "#12"},
				"west": {"uv": [0, 0, 16, 16], "texture": "#12"},
				"up": {"uv": [0, 0, 16, 16], "texture": "#12"},
				"down": {"uv": [0, 0, 16, 16], "texture": "#12"}
			}
		},
		{
			"from": [0, 17, 6.37],
			"to": [1, 18, 6.63],
			"rotation": {"angle": -22.5, "axis": "y", "origin": [-9, 24, 15]},
			"faces": {
				"north": {"uv": [0, 0, 16, 16], "texture": "#11"},
				"south": {"uv": [0, 0, 16, 16], "texture": "#11"}
			}
		},
		{
			"from": [0, 18, 6.37],
			"to": [1, 19, 6.63],
			"rotation": {"angle": -22.5, "axis": "y", "origin": [-9, 24, 15]},
			"faces": {
				"north": {"uv": [0, 0, 16, 16], "texture": "#11"},
				"south": {"uv": [0, 0, 16, 16], "texture": "#11"}
			}
		},
		{
			"from": [0, 19, 6.37],
			"to": [1, 20, 6.63],
			"rotation": {"angle": -22.5, "axis": "y", "origin": [-9, 24, 15]},
			"faces": {
				"north": {"uv": [0, 0, 16, 16], "texture": "#11"},
				"south": {"uv": [0, 0, 16, 16], "texture": "#11"}
			}
		},
		{
			"from": [1, 17, 6.37],
			"to": [2, 18, 6.63],
			"rotation": {"angle": -22.5, "axis": "y", "origin": [-9, 24, 15]},
			"faces": {
				"north": {"uv": [0, 0, 16, 16], "texture": "#11"},
				"south": {"uv": [0, 0, 16, 16], "texture": "#11"}
			}
		},
		{
			"from": [1, 18, 6.37],
			"to": [2, 19, 6.63],
			"rotation": {"angle": -22.5, "axis": "y", "origin": [-9, 24, 15]},
			"faces": {
				"north": {"uv": [0, 0, 16, 16], "texture": "#11"},
				"south": {"uv": [0, 0, 16, 16], "texture": "#11"}
			}
		},
		{
			"from": [1, 19, 6.37],
			"to": [2, 20, 6.63],
			"rotation": {"angle": -22.5, "axis": "y", "origin": [-9, 24, 15]},
			"faces": {
				"north": {"uv": [0, 0, 16, 16], "texture": "#11"},
				"south": {"uv": [0, 0, 16, 16], "texture": "#11"}
			}
		}
	],
	"groups": [0, 1, 2, 3, 4, 5, 6, 7,
		{
			"name": "group",
			"children": [8, 9, 10, 11, 12, 13, 14, 15, 16, 17, 18, 19, 20, 21, 22, 23, 24, 25, 26, 27]
		}
	]
}