{
	"credit": "By Aillyaes",
	"textures": {
		"0": "block/chiseled_quartz_block",
		"1": "block/chiseled_quartz_block_top",
		"3": "block/black_concrete",
		"4": "block/cyan_terracotta",
		"5": "block/water_still",
		"6": "block/stripped_oak_log_top",
		"7": "block/stripped_oak_log",
		"8": "block/black_concrete_powder",
		"9": "block/fire_1",
		"particle": "block/chiseled_quartz_block"
	},
	"elements": [
		{
			"from": [0, 0, 0],
			"to": [3, 0.2, 16],
			"faces": {
				"north": {"uv": [0, 0, 3, 0], "texture": "#0"},
				"east": {"uv": [0, 0, 16, 0], "texture": "#missing"},
				"south": {"uv": [0, 0, 3, 0], "texture": "#missing"},
				"west": {"uv": [0, 0, 16, 0], "texture": "#missing"},
				"up": {"uv": [0, 13, 16, 16], "rotation": 90, "texture": "#1"},
				"down": {"uv": [0, 13, 16, 16], "rotation": 270, "texture": "#1"}
			}
		},
		{
			"from": [3, 0, 3],
			"to": [16, 12, 6],
			"faces": {
				"north": {"uv": [0, 4, 13, 16], "texture": "#0"},
				"east": {"uv": [10, 4, 13, 16], "texture": "#0"},
				"south": {"uv": [0, 0, 13, 12], "texture": "#0"},
				"west": {"uv": [3, 0, 6, 12], "texture": "#0"},
				"up": {"uv": [0, 0, 3, 13], "rotation": 90, "texture": "#missing"},
				"down": {"uv": [0, 0, 3, 13], "rotation": 270, "texture": "#missing"}
			}
		},
		{
			"from": [0, 6, 0],
			"to": [3, 7, 9],
			"faces": {
				"north": {"uv": [13, 8, 16, 9], "texture": "#0"},
				"east": {"uv": [0, 0, 9, 1], "texture": "#missing"},
				"south": {"uv": [0, 0, 3, 1], "texture": "#0"},
				"west": {"uv": [0, 0, 9, 1], "texture": "#missing"},
				"up": {"uv": [0, 8, 9, 11], "rotation": 90, "texture": "#1"},
				"down": {"uv": [0, 13, 9, 16], "rotation": 270, "texture": "#1"}
			}
		},
		{
			"from": [0, 12, 0],
			"to": [3, 16, 5],
			"faces": {
				"north": {"uv": [13, 0, 16, 4], "texture": "#0"},
				"east": {"uv": [0, 0, 5, 4], "texture": "#missing"},
				"south": {"uv": [0, 0, 3, 4], "texture": "#missing"},
				"west": {"uv": [0, 0, 5, 4], "texture": "#missing"},
				"up": {"uv": [0, 13, 5, 16], "rotation": 90, "texture": "#1"},
				"down": {"uv": [0, 13, 5, 16], "rotation": 270, "texture": "#1"}
			}
		},
		{
			"from": [-16, 0, 0],
			"to": [-3, 16, 5],
			"faces": {
				"north": {"uv": [3, 0, 16, 16], "texture": "#0"},
				"east": {"uv": [0, 0, 5, 16], "texture": "#0"},
				"south": {"uv": [0, 0, 13, 16], "texture": "#missing"},
				"west": {"uv": [0, 0, 5, 16], "texture": "#0"},
				"up": {"uv": [0, 3, 5, 16], "rotation": 90, "texture": "#1"},
				"down": {"uv": [0, 0, 5, 13], "rotation": 270, "texture": "#missing"}
			}
		},
		{
			"from": [-11, 12, 5],
			"to": [11, 16, 6],
			"faces": {
				"north": {"uv": [0, 0, 16, 4], "texture": "#3"},
				"east": {"uv": [0, 0, 1, 4], "texture": "#3"},
				"south": {"uv": [0, 0, 16, 4], "texture": "#3"},
				"west": {"uv": [0, 0, 1, 4], "texture": "#3"},
				"up": {"uv": [0, 0, 1, 16], "rotation": 90, "texture": "#3"},
				"down": {"uv": [0, 0, 1, 16], "rotation": 270, "texture": "#3"}
			}
		},
		{
			"from": [3, 0, 0],
			"to": [7, 16, 3],
			"faces": {
				"north": {"uv": [9, 0, 13, 16], "texture": "#0"},
				"east": {"uv": [0, 0, 3, 16], "texture": "#0"},
				"south": {"uv": [0, 0, 4, 16], "texture": "#missing"},
				"west": {"uv": [0, 0, 3, 16], "texture": "#0"},
				"up": {"uv": [0, 9, 3, 13], "rotation": 90, "texture": "#1"},
				"down": {"uv": [6, 0, 9, 4], "rotation": 270, "texture": "#missing"}
			}
		},
		{
			"from": [12, 0, 0],
			"to": [16, 16, 3],
			"faces": {
				"north": {"uv": [0, 0, 4, 16], "texture": "#0"},
				"east": {"uv": [13, 0, 16, 16], "texture": "#0"},
				"south": {"uv": [0, 0, 4, 16], "texture": "#missing"},
				"west": {"uv": [0, 0, 3, 16], "texture": "#0"},
				"up": {"uv": [0, 0, 3, 4], "rotation": 90, "texture": "#1"},
				"down": {"uv": [0, 0, 3, 4], "rotation": 270, "texture": "#missing"}
			}
		},
		{
			"from": [7, 0, 0],
			"to": [12, 1, 3],
			"faces": {
				"north": {"uv": [4, 15, 9, 16], "texture": "#0"},
				"east": {"uv": [0, 0, 3, 1], "texture": "#missing"},
				"south": {"uv": [0, 0, 5, 1], "texture": "#missing"},
				"west": {"uv": [0, 0, 3, 1], "texture": "#missing"},
				"up": {"uv": [0, 4, 3, 9], "rotation": 90, "texture": "#1"},
				"down": {"uv": [3, 0, 6, 5], "rotation": 270, "texture": "#missing"}
			}
		},
		{
			"from": [7, 6, 0],
			"to": [12, 7, 3],
			"faces": {
				"north": {"uv": [4, 8, 9, 9], "texture": "#0"},
				"east": {"uv": [0, 0, 3, 1], "texture": "#missing"},
				"south": {"uv": [0, 0, 5, 1], "texture": "#missing"},
				"west": {"uv": [0, 0, 3, 1], "texture": "#missing"},
				"up": {"uv": [0, 4, 3, 9], "rotation": 90, "texture": "#1"},
				"down": {"uv": [0, 4, 3, 9], "rotation": 270, "texture": "#1"}
			}
		},
		{
			"from": [3, 12, 3],
			"to": [16, 16, 5],
			"faces": {
				"north": {"uv": [0, 0, 13, 4], "texture": "#0"},
				"east": {"uv": [11, 0, 13, 4], "texture": "#0"},
				"south": {"uv": [0, 0, 13, 4], "texture": "#missing"},
				"west": {"uv": [0, 0, 2, 4], "texture": "#missing"},
				"up": {"uv": [3, 0, 5, 13], "rotation": 90, "texture": "#1"},
				"down": {"uv": [0, 0, 2, 13], "rotation": 270, "texture": "#missing"}
			}
		},
		{
			"from": [11, 0, 16],
			"to": [16, 16, 32],
			"faces": {
				"north": {"uv": [0, 0, 5, 16], "texture": "#missing"},
				"east": {"uv": [0, 0, 16, 16], "texture": "#0"},
				"south": {"uv": [11, 0, 16, 16], "texture": "#0"},
				"west": {"uv": [0, 0, 16, 16], "texture": "#0"},
				"up": {"uv": [0, 0, 16, 5], "rotation": 90, "texture": "#1"},
				"down": {"uv": [0, 0, 16, 5], "rotation": 270, "texture": "#missing"}
			}
		},
		{
			"from": [-16, 0, 16],
			"to": [-11, 16, 32],
			"faces": {
				"north": {"uv": [0, 0, 5, 16], "texture": "#missing"},
				"east": {"uv": [0, 0, 16, 16], "texture": "#0"},
				"south": {"uv": [0, 0, 5, 16], "texture": "#0"},
				"west": {"uv": [0, 0, 16, 16], "texture": "#0"},
				"up": {"uv": [0, 11, 16, 16], "rotation": 90, "texture": "#1"},
				"down": {"uv": [0, 0, 16, 5], "rotation": 270, "texture": "#missing"}
			}
		},
		{
			"from": [0, 0, 26],
			"to": [11, 16, 32],
			"faces": {
				"north": {"uv": [5, 0, 16, 16], "texture": "#0"},
				"east": {"uv": [0, 0, 6, 16], "texture": "#missing"},
				"south": {"uv": [0, 0, 11, 16], "texture": "#0"},
				"west": {"uv": [0, 0, 6, 16], "texture": "#missing"},
				"up": {"uv": [10, 5, 16, 16], "rotation": 90, "texture": "#1"},
				"down": {"uv": [0, 0, 6, 11], "rotation": 270, "texture": "#missing"}
			}
		},
		{
			"from": [-16, 0, 5],
			"to": [-3, 12, 6],
			"faces": {
				"north": {"uv": [0, 0, 13, 12], "texture": "#missing"},
				"east": {"uv": [0, 0, 1, 12], "texture": "#0"},
				"south": {"uv": [0, 0, 13, 12], "texture": "#0"},
				"west": {"uv": [5, 4, 6, 16], "texture": "#0"},
				"up": {"uv": [0, 0, 1, 13], "rotation": 90, "texture": "#missing"},
				"down": {"uv": [0, 0, 1, 13], "rotation": 270, "texture": "#missing"}
			}
		},
		{
			"from": [10, 12, 6],
			"to": [11, 16, 26],
			"faces": {
				"north": {"uv": [0, 0, 1, 4], "texture": "#3"},
				"east": {"uv": [0, 0, 16, 4], "texture": "#3"},
				"south": {"uv": [0, 0, 1, 4], "texture": "#3"},
				"west": {"uv": [0, 0, 16, 4], "texture": "#3"},
				"up": {"uv": [0, 0, 16, 1], "rotation": 90, "texture": "#3"},
				"down": {"uv": [0, 0, 16, 1], "rotation": 270, "texture": "#3"}
			}
		},
		{
			"from": [-11, 12, 6],
			"to": [-10, 16, 26],
			"faces": {
				"north": {"uv": [0, 0, 1, 4], "texture": "#3"},
				"east": {"uv": [0, 0, 16, 4], "texture": "#3"},
				"south": {"uv": [0, 0, 1, 4], "texture": "#3"},
				"west": {"uv": [0, 0, 16, 4], "texture": "#3"},
				"up": {"uv": [0, 0, 16, 1], "rotation": 90, "texture": "#3"},
				"down": {"uv": [0, 0, 16, 1], "rotation": 270, "texture": "#3"}
			}
		},
		{
			"from": [-10, 12, 25],
			"to": [10, 16, 26],
			"faces": {
				"north": {"uv": [0, 0, 16, 4], "texture": "#3"},
				"east": {"uv": [0, 0, 1, 4], "texture": "#3"},
				"south": {"uv": [0, 0, 16, 4], "texture": "#3"},
				"west": {"uv": [0, 0, 1, 4], "texture": "#3"},
				"up": {"uv": [0, 0, 1, 16], "rotation": 90, "texture": "#3"},
				"down": {"uv": [0, 0, 1, 16], "rotation": 270, "texture": "#3"}
			}
		},
		{
			"from": [-11, 11, 5],
			"to": [11, 12, 26],
			"faces": {
				"north": {"uv": [0, 0, 16, 1], "texture": "#3"},
				"east": {"uv": [0, 0, 16, 1], "texture": "#3"},
				"south": {"uv": [0, 0, 16, 1], "texture": "#3"},
				"west": {"uv": [0, 0, 16, 1], "texture": "#3"},
				"up": {"uv": [0, 0, 16, 16], "rotation": 90, "texture": "#3"},
				"down": {"uv": [0, 0, 16, 16], "rotation": 270, "texture": "#3"}
			}
		},
		{
			"from": [3, 0, 16],
			"to": [11, 7, 26],
			"faces": {
				"north": {"uv": [0, 0, 8, 7], "texture": "#missing"},
				"east": {"uv": [0, 0, 10, 7], "texture": "#missing"},
				"south": {"uv": [0, 0, 8, 7], "texture": "#missing"},
				"west": {"uv": [0, 0, 10, 7], "texture": "#missing"},
				"up": {"uv": [0, 0, 10, 8], "rotation": 90, "texture": "#1"},
				"down": {"uv": [0, 0, 10, 8], "rotation": 270, "texture": "#missing"}
			}
		},
		{
			"from": [-11, 0, 16],
			"to": [-3, 7, 26],
			"faces": {
				"north": {"uv": [0, 0, 8, 7], "texture": "#missing"},
				"east": {"uv": [0, 0, 10, 7], "texture": "#missing"},
				"south": {"uv": [0, 0, 8, 7], "texture": "#missing"},
				"west": {"uv": [0, 0, 10, 7], "texture": "#missing"},
				"up": {"uv": [0, 8, 10, 16], "rotation": 90, "texture": "#1"},
				"down": {"uv": [0, 0, 10, 8], "rotation": 270, "texture": "#missing"}
			}
		},
		{
			"from": [0, 0, 16],
			"to": [3, 7, 26],
			"faces": {
				"north": {"uv": [13, 0, 16, 7], "texture": "#0"},
				"east": {"uv": [0, 0, 10, 7], "texture": "#missing"},
				"south": {"uv": [0, 0, 3, 7], "texture": "#missing"},
				"west": {"uv": [0, 0, 10, 7], "texture": "#missing"},
				"up": {"uv": [0, 8, 10, 11], "rotation": 90, "texture": "#1"},
				"down": {"uv": [0, 0, 10, 3], "rotation": 270, "texture": "#missing"}
			}
		},
		{
			"from": [-2, 6, 9],
			"to": [-1, 7, 16],
			"faces": {
				"north": {"uv": [0, 0, 1, 1], "texture": "#4"},
				"east": {"uv": [0, 0, 7, 1], "texture": "#4"},
				"south": {"uv": [0, 0, 1, 1], "texture": "#4"},
				"west": {"uv": [0, 0, 7, 1], "texture": "#4"},
				"up": {"uv": [0, 0, 7, 1], "rotation": 90, "texture": "#4"},
				"down": {"uv": [0, 0, 7, 1], "rotation": 270, "texture": "#4"}
			}
		},
		{
			"from": [1, 6, 9],
			"to": [2, 7, 16],
			"faces": {
				"north": {"uv": [0, 0, 1, 1], "texture": "#4"},
				"east": {"uv": [0, 0, 7, 1], "texture": "#4"},
				"south": {"uv": [0, 0, 1, 1], "texture": "#4"},
				"west": {"uv": [0, 0, 7, 1], "texture": "#4"},
				"up": {"uv": [0, 0, 7, 1], "rotation": 90, "texture": "#4"},
				"down": {"uv": [0, 0, 7, 1], "rotation": 270, "texture": "#4"}
			}
		},
		{
			"from": [11, 12, 5],
			"to": [16, 16, 6],
			"faces": {
				"north": {"uv": [0, 0, 5, 4], "texture": "#missing"},
				"east": {"uv": [10, 0, 11, 4], "texture": "#0"},
				"south": {"uv": [0, 0, 5, 4], "texture": "#missing"},
				"west": {"uv": [0, 0, 1, 4], "texture": "#missing"},
				"up": {"uv": [5, 0, 6, 5], "rotation": 90, "texture": "#1"},
				"down": {"uv": [0, 0, 1, 5], "rotation": 270, "texture": "#missing"}
			}
		},
		{
			"from": [-16, 12, 5],
			"to": [-11, 16, 6],
			"faces": {
				"north": {"uv": [0, 0, 5, 4], "texture": "#missing"},
				"east": {"uv": [0, 0, 1, 4], "texture": "#missing"},
				"south": {"uv": [0, 0, 5, 4], "texture": "#missing"},
				"west": {"uv": [5, 0, 6, 4], "texture": "#0"},
				"up": {"uv": [5, 11, 6, 16], "rotation": 90, "texture": "#1"},
				"down": {"uv": [0, 0, 1, 5], "rotation": 270, "texture": "#missing"}
			}
		},
		{
			"from": [-3, 0, 0],
			"to": [0, 0.2, 16],
			"faces": {
				"north": {"uv": [0, 0, 3, 0], "texture": "#0"},
				"east": {"uv": [0, 0, 16, 0], "texture": "#missing"},
				"south": {"uv": [0, 0, 3, 0], "texture": "#missing"},
				"west": {"uv": [0, 0, 16, 0], "texture": "#missing"},
				"up": {"uv": [0, 0, 16, 3], "rotation": 90, "texture": "#1"},
				"down": {"uv": [0, 0, 16, 3], "rotation": 270, "texture": "#1"}
			}
		},
		{
			"from": [-3, 6, 0],
			"to": [0, 7, 9],
			"faces": {
				"north": {"uv": [0, 8, 3, 9], "texture": "#0"},
				"east": {"uv": [0, 0, 9, 1], "texture": "#missing"},
				"south": {"uv": [0, 0, 3, 1], "texture": "#0"},
				"west": {"uv": [0, 0, 9, 1], "texture": "#missing"},
				"up": {"uv": [0, 0, 9, 3], "rotation": 90, "texture": "#1"},
				"down": {"uv": [0, 0, 9, 3], "rotation": 270, "texture": "#1"}
			}
		},
		{
			"from": [-3, 12, 0],
			"to": [0, 16, 5],
			"faces": {
				"north": {"uv": [0, 0, 3, 4], "texture": "#0"},
				"east": {"uv": [0, 0, 5, 4], "texture": "#missing"},
				"south": {"uv": [0, 0, 3, 4], "texture": "#missing"},
				"west": {"uv": [0, 0, 5, 4], "texture": "#missing"},
				"up": {"uv": [0, 0, 5, 3], "rotation": 90, "texture": "#1"},
				"down": {"uv": [0, 0, 5, 3], "rotation": 270, "texture": "#1"}
			}
		},
		{
			"from": [-11, 0, 26],
			"to": [0, 16, 32],
			"faces": {
				"north": {"uv": [0, 0, 11, 16], "texture": "#0"},
				"east": {"uv": [0, 0, 6, 16], "texture": "#missing"},
				"south": {"uv": [5, 0, 16, 16], "texture": "#0"},
				"west": {"uv": [0, 0, 6, 16], "texture": "#missing"},
				"up": {"uv": [10, 0, 16, 11], "rotation": 90, "texture": "#1"},
				"down": {"uv": [0, 0, 6, 11], "rotation": 270, "texture": "#missing"}
			}
		},
		{
			"from": [-3, 0, 16],
			"to": [0, 7, 26],
			"faces": {
				"north": {"uv": [0, 0, 3, 7], "texture": "#0"},
				"east": {"uv": [0, 0, 10, 7], "texture": "#missing"},
				"south": {"uv": [0, 0, 3, 7], "texture": "#missing"},
				"west": {"uv": [0, 0, 10, 7], "texture": "#missing"},
				"up": {"uv": [0, 0, 10, 3], "rotation": 90, "texture": "#1"},
				"down": {"uv": [0, 0, 10, 3], "rotation": 270, "texture": "#missing"}
			}
		},
		{
			"from": [11, 0, 6],
			"to": [16, 16, 16],
			"faces": {
				"north": {"uv": [0, 0, 5, 16], "texture": "#missing"},
				"east": {"uv": [0, 0, 10, 16], "texture": "#0"},
				"south": {"uv": [0, 0, 5, 16], "texture": "#missing"},
				"west": {"uv": [6, 0, 16, 16], "texture": "#0"},
				"up": {"uv": [6, 0, 16, 5], "rotation": 90, "texture": "#1"},
				"down": {"uv": [0, 0, 10, 5], "rotation": 270, "texture": "#missing"}
			}
		},
		{
			"from": [3, 0, 6],
			"to": [11, 7, 16],
			"faces": {
				"north": {"uv": [0, 0, 8, 7], "texture": "#missing"},
				"east": {"uv": [0, 0, 10, 7], "texture": "#missing"},
				"south": {"uv": [0, 0, 8, 7], "texture": "#missing"},
				"west": {"uv": [6, 0, 16, 7], "texture": "#0"},
				"up": {"uv": [0, 0, 10, 8], "rotation": 90, "texture": "#1"},
				"down": {"uv": [0, 0, 10, 8], "rotation": 270, "texture": "#missing"}
			}
		},
		{
			"from": [-11, 0, 6],
			"to": [-3, 7, 16],
			"faces": {
				"north": {"uv": [0, 0, 8, 7], "texture": "#missing"},
				"east": {"uv": [0, 0, 10, 7], "texture": "#0"},
				"south": {"uv": [0, 0, 8, 7], "texture": "#missing"},
				"west": {"uv": [0, 0, 10, 7], "texture": "#missing"},
				"up": {"uv": [6, 8, 16, 16], "rotation": 90, "texture": "#1"},
				"down": {"uv": [0, 0, 10, 8], "rotation": 270, "texture": "#missing"}
			}
		},
		{
			"from": [-16, 0, 6],
			"to": [-11, 16, 16],
			"faces": {
				"north": {"uv": [0, 0, 5, 16], "texture": "#missing"},
				"east": {"uv": [0, 0, 10, 16], "texture": "#0"},
				"south": {"uv": [0, 0, 5, 16], "texture": "#missing"},
				"west": {"uv": [6, 0, 16, 16], "texture": "#0"},
				"up": {"uv": [6, 11, 16, 16], "rotation": 90, "texture": "#1"},
				"down": {"uv": [0, 0, 10, 5], "rotation": 270, "texture": "#missing"}
			}
		},
		{
			"from": [-10, 12, 6],
			"to": [10, 14, 25],
			"faces": {
				"up": {"uv": [0, 0, 16, 16], "texture": "#5"}
			}
		},
		{
			"from": [1, 7, 2],
			"to": [2, 8, 20],
			"faces": {
				"north": {"uv": [0, 0, 16, 16], "texture": "#6"},
				"east": {"uv": [0, 0, 16, 1], "texture": "#7"},
				"south": {"uv": [0, 0, 16, 16], "texture": "#6"},
				"west": {"uv": [0, 0, 16, 1], "texture": "#7"},
				"up": {"uv": [0, 0, 1, 16], "texture": "#7"},
				"down": {"uv": [0, 0, 1, 16], "texture": "#7"}
			}
		},
		{
			"from": [0, 8, 4],
			"to": [1, 9, 22],
			"rotation": {"angle": 22.5, "axis": "y", "origin": [-0.5, 7.5, 11]},
			"faces": {
				"north": {"uv": [0, 0, 16, 16], "texture": "#6"},
				"east": {"uv": [0, 0, 16, 1], "texture": "#7"},
				"south": {"uv": [0, 0, 16, 16], "texture": "#6"},
				"west": {"uv": [0, 0, 16, 1], "texture": "#7"},
				"up": {"uv": [0, 0, 1, 16], "texture": "#7"},
				"down": {"uv": [0, 0, 1, 16], "texture": "#7"}
			}
		},
		{
			"from": [-2, 7, 2],
			"to": [-1, 8, 20],
			"faces": {
				"north": {"uv": [0, 0, 16, 16], "texture": "#6"},
				"east": {"uv": [0, 0, 16, 1], "texture": "#7"},
				"south": {"uv": [0, 0, 16, 16], "texture": "#6"},
				"west": {"uv": [0, 0, 16, 1], "texture": "#7"},
				"up": {"uv": [0, 0, 1, 16], "texture": "#7"},
				"down": {"uv": [0, 0, 1, 16], "texture": "#7"}
			}
		},
		{
			"from": [-0.5, 7, -4],
			"to": [0.5, 8, 14],
			"faces": {
				"north": {"uv": [0, 0, 16, 16], "texture": "#6"},
				"east": {"uv": [0, 0, 16, 1], "texture": "#7"},
				"south": {"uv": [0, 0, 16, 16], "texture": "#6"},
				"west": {"uv": [0, 0, 16, 1], "texture": "#7"},
				"up": {"uv": [0, 0, 1, 16], "texture": "#7"},
				"down": {"uv": [0, 0, 1, 16], "texture": "#7"}
			}
		},
		{
			"from": [2, 7.75, 9],
			"to": [3, 8.75, 14],
			"rotation": {"angle": -22.5, "axis": "x", "origin": [-1.5, 7.5, 11]},
			"faces": {
				"north": {"uv": [0, 0, 16, 16], "texture": "#6"},
				"east": {"uv": [0, 0, 5, 1], "texture": "#7"},
				"south": {"uv": [0, 0, 16, 16], "texture": "#6"},
				"west": {"uv": [0, 0, 5, 1], "texture": "#7"},
				"up": {"uv": [0, 0, 1, 5], "texture": "#7"},
				"down": {"uv": [0, 0, 1, 5], "texture": "#7"}
			}
		},
		{
			"from": [-0.5, 0.2, -4],
			"to": [0.5, 1.2, 14],
			"faces": {
				"north": {"uv": [0, 0, 16, 16], "texture": "#8"},
				"east": {"uv": [0, 0, 16, 1], "texture": "#8"},
				"south": {"uv": [0, 0, 16, 16], "texture": "#8"},
				"west": {"uv": [0, 0, 16, 1], "texture": "#8"},
				"up": {"uv": [0, 0, 1, 16], "texture": "#8"},
				"down": {"uv": [0, 0, 1, 16], "texture": "#8"}
			}
		},
		{
			"from": [0, 8, 11],
			"to": [3, 11, 11],
			"faces": {
				"north": {"uv": [0, 0, 16, 16], "texture": "#9"}
			}
		},
		{
			"from": [-1, 8, 9],
			"to": [2, 11, 9],
			"rotation": {"angle": 22.5, "axis": "y", "origin": [-1.5, 9.5, 11]},
			"faces": {
				"north": {"uv": [0, 0, 16, 16], "texture": "#9"}
			}
		},
		{
			"from": [-3, 8, 11],
			"to": [0, 11, 11],
			"faces": {
				"north": {"uv": [0, 0, 16, 16], "texture": "#9"}
			}
		},
		{
			"from": [-1, 8, 15],
			"to": [2, 11, 15],
			"faces": {
				"north": {"uv": [0, 0, 16, 16], "texture": "#9"}
			}
		}
	],
	"groups": [
		{
			"name": "group",
			"children": [0, 1, 2, 3, 4, 5, 6, 7, 8, 9, 10, 11, 12, 13, 14, 15, 16, 17, 18, 19, 20, 21, 22, 23, 24, 25, 26, 27, 28, 29, 30, 31, 32, 33, 34]
		}, 35, 36, 37, 38, 39, 40, 41, 42, 43, 44, 45]
}