{
	"credit": "By Aillyaes",
	"textures": {
		"0": "block/stone_bricks",
		"1": "block/black_concrete",
		"particle": "block/stone_bricks"
	},
	"elements": [
		{
			"from": [0, 0, 0],
			"to": [16, 1, 16],
			"faces": {
				"north": {"uv": [0, 15, 16, 16], "texture": "#0"},
				"east": {"uv": [0, 15, 16, 16], "texture": "#0"},
				"south": {"uv": [0, 15, 16, 16], "texture": "#0"},
				"west": {"uv": [0, 15, 16, 16], "texture": "#0"},
				"up": {"uv": [0, 0, 16, 16], "texture": "#1"},
				"down": {"uv": [0, 0, 16, 16], "texture": "#0"}
			}
		},
		{
			"from": [0, 1, 0],
			"to": [3, 16, 16],
			"faces": {
				"north": {"uv": [13, 0, 16, 15], "texture": "#0"},
				"east": {"uv": [0, 0, 16, 15], "texture": "#1"},
				"south": {"uv": [0, 0, 3, 15], "texture": "#0"},
				"west": {"uv": [0, 0, 16, 15], "texture": "#0"},
				"up": {"uv": [0, 0, 3, 16], "texture": "#0"},
				"down": {"uv": [0, 0, 3, 16], "texture": "#missing"}
			}
		},
		{
			"from": [13, 1, 0],
			"to": [16, 16, 16],
			"faces": {
				"north": {"uv": [0, 0, 3, 15], "texture": "#0"},
				"east": {"uv": [0, 0, 16, 15], "texture": "#0"},
				"south": {"uv": [13, 0, 16, 15], "texture": "#0"},
				"west": {"uv": [0, 0, 16, 15], "texture": "#1"},
				"up": {"uv": [13, 0, 16, 16], "texture": "#0"},
				"down": {"uv": [0, 0, 3, 16], "texture": "#missing"}
			}
		},
		{
			"from": [3, 1, 13],
			"to": [13, 16, 16],
			"faces": {
				"north": {"uv": [0, 0, 10, 15], "texture": "#1"},
				"east": {"uv": [0, 0, 3, 15], "texture": "#missing"},
				"south": {"uv": [3, 0, 13, 15], "texture": "#0"},
				"west": {"uv": [0, 0, 3, 15], "texture": "#missing"},
				"up": {"uv": [3, 13, 13, 16], "texture": "#0"},
				"down": {"uv": [0, 0, 10, 3], "texture": "#missing"}
			}
		},
		{
			"from": [3, 1, 0],
			"to": [13, 16, 3],
			"faces": {
				"north": {"uv": [3, 0, 13, 15], "texture": "#0"},
				"east": {"uv": [0, 0, 3, 15], "texture": "#missing"},
				"south": {"uv": [0, 0, 10, 15], "texture": "#1"},
				"west": {"uv": [0, 0, 3, 15], "texture": "#missing"},
				"up": {"uv": [3, 0, 13, 3], "texture": "#0"},
				"down": {"uv": [0, 0, 10, 3], "texture": "#missing"}
			}
		}
	]
}