{
	"credit": "By Aillyaes",
	"ambientocclusion": false,
	"textures": {
		"0": "block/stripped_oak_log",
		"particle": "block/stripped_oak_log"
	},
	"elements": [
		{
			"from": [14, 0, 14],
			"to": [16, 16, 16],
			"faces": {
				"north": {"uv": [0, 0, 2, 16], "texture": "#0"},
				"east": {"uv": [0, 0, 2, 16], "texture": "#0"},
				"south": {"uv": [0, 0, 2, 16], "texture": "#0"},
				"west": {"uv": [0, 0, 2, 16], "texture": "#0"},
				"up": {"uv": [0, 0, 2, 2], "texture": "#0"},
				"down": {"uv": [0, 0, 2, 2], "texture": "#0"}
			}
		},
		{
			"from": [0, 0, 14],
			"to": [2, 16, 16],
			"faces": {
				"north": {"uv": [0, 0, 2, 16], "texture": "#0"},
				"east": {"uv": [0, 0, 2, 16], "texture": "#0"},
				"south": {"uv": [0, 0, 2, 16], "texture": "#0"},
				"west": {"uv": [0, 0, 2, 16], "texture": "#0"},
				"up": {"uv": [0, 0, 2, 2], "texture": "#0"},
				"down": {"uv": [0, 0, 2, 2], "texture": "#0"}
			}
		},
		{
			"from": [-0.25, 3, 14.25],
			"to": [16.25, 5, 15.75],
			"faces": {
				"north": {"uv": [0, 0, 16, 2], "texture": "#0"},
				"east": {"uv": [0, 0, 1.5, 2], "texture": "#0"},
				"south": {"uv": [0, 0, 16, 2], "texture": "#0"},
				"west": {"uv": [0, 0, 1.5, 2], "texture": "#0"},
				"up": {"uv": [0, 0, 16, 1.5], "texture": "#0"},
				"down": {"uv": [0, 0, 16, 1.5], "texture": "#0"}
			}
		},
		{
			"from": [-0.25, 11, 14.25],
			"to": [16.25, 13, 15.75],
			"faces": {
				"north": {"uv": [0, 0, 16, 2], "texture": "#0"},
				"east": {"uv": [0, 0, 1.5, 2], "texture": "#0"},
				"south": {"uv": [0, 0, 16, 2], "texture": "#0"},
				"west": {"uv": [0, 0, 1.5, 2], "texture": "#0"},
				"up": {"uv": [0, 0, 16, 1.5], "texture": "#0"},
				"down": {"uv": [0, 0, 16, 1.5], "texture": "#0"}
			}
		}
	]
}