{
	"credit": "By Aillyaes",
	"ambientocclusion": false,
	"textures": {
		"1": "block/pure/pure_color00",
		"2": "block/pure/pure_color08",
		"particle": "block/pure/pure_color08"
	},
	"elements": [
		{
			"from": [6, 0, 5],
			"to": [10, 0.4, 9],
			"faces": {
				"north": {"uv": [0, 0, 4, 0.4], "texture": "#1"},
				"east": {"uv": [0, 0, 4, 0.4], "texture": "#1"},
				"south": {"uv": [0, 0, 4, 0.4], "texture": "#1"},
				"west": {"uv": [0, 0, 4, 0.4], "texture": "#1"},
				"up": {"uv": [0, 0, 4, 4], "texture": "#1"},
				"down": {"uv": [0, 0, 4, 4], "texture": "#1"}
			}
		},
		{
			"from": [7, -0.2, 6.2],
			"to": [9, 0.8, 8.2],
			"rotation": {"angle": 22.5, "axis": "x", "origin": [8, 0, 7]},
			"faces": {
				"north": {"uv": [0, 0, 2, 1], "texture": "#2"},
				"east": {"uv": [0, 0, 2, 1], "texture": "#2"},
				"south": {"uv": [0, 0, 2, 1], "texture": "#2"},
				"west": {"uv": [0, 0, 2, 1], "texture": "#2"},
				"up": {"uv": [0, 0, 2, 2], "texture": "#2"},
				"down": {"uv": [0, 0, 2, 2], "texture": "#2"}
			}
		}
	]
}