{
	"credit": "By Aillyaes",
	"textures": {
		"0": "block/chiseled_quartz_block",
		"1": "block/chiseled_quartz_block_top",
		"3": "block/black_concrete",
		"4": "block/cyan_terracotta",
		"5": "block/oak_planks",
		"particle": "block/chiseled_quartz_block"
	},
	"elements": [
		{
			"from": [0, 0, 0],
			"to": [16, 0.2, 3],
			"faces": {
				"north": {"uv": [0, 0, 16, 0], "texture": "#missing"},
				"east": {"uv": [0, 0, 3, 0], "texture": "#0"},
				"south": {"uv": [0, 0, 16, 0], "texture": "#missing"},
				"west": {"uv": [0, 0, 3, 0], "texture": "#missing"},
				"up": {"uv": [0, 13, 16, 16], "rotation": 180, "texture": "#1"},
				"down": {"uv": [0, 13, 16, 16], "rotation": 180, "texture": "#1"}
			}
		},
		{
			"from": [10, 0, 3],
			"to": [13, 12, 16],
			"faces": {
				"north": {"uv": [3, 0, 6, 12], "texture": "#0"},
				"east": {"uv": [0, 4, 13, 16], "texture": "#0"},
				"south": {"uv": [10, 4, 13, 16], "texture": "#0"},
				"west": {"uv": [0, 0, 13, 12], "texture": "#0"},
				"up": {"uv": [0, 0, 3, 13], "rotation": 180, "texture": "#missing"},
				"down": {"uv": [0, 0, 3, 13], "rotation": 180, "texture": "#missing"}
			}
		},
		{
			"from": [7, 6, 0],
			"to": [16, 7, 3],
			"faces": {
				"north": {"uv": [0, 0, 9, 1], "texture": "#missing"},
				"east": {"uv": [13, 8, 16, 9], "texture": "#0"},
				"south": {"uv": [0, 0, 9, 1], "texture": "#missing"},
				"west": {"uv": [0, 0, 3, 1], "texture": "#0"},
				"up": {"uv": [0, 8, 9, 11], "rotation": 180, "texture": "#1"},
				"down": {"uv": [0, 13, 9, 16], "rotation": 180, "texture": "#1"}
			}
		},
		{
			"from": [11, 12, 0],
			"to": [16, 16, 3],
			"faces": {
				"north": {"uv": [0, 0, 5, 4], "texture": "#missing"},
				"east": {"uv": [13, 0, 16, 4], "texture": "#0"},
				"south": {"uv": [0, 0, 5, 4], "texture": "#missing"},
				"west": {"uv": [0, 0, 3, 4], "texture": "#missing"},
				"up": {"uv": [0, 13, 5, 16], "rotation": 180, "texture": "#1"},
				"down": {"uv": [0, 13, 5, 16], "rotation": 180, "texture": "#1"}
			}
		},
		{
			"from": [11, 0, -16],
			"to": [16, 16, -3],
			"faces": {
				"north": {"uv": [0, 0, 5, 16], "texture": "#0"},
				"east": {"uv": [3, 0, 16, 16], "texture": "#0"},
				"south": {"uv": [0, 0, 5, 16], "texture": "#0"},
				"west": {"uv": [0, 0, 13, 16], "texture": "#missing"},
				"up": {"uv": [0, 3, 5, 16], "rotation": 180, "texture": "#1"},
				"down": {"uv": [0, 0, 5, 13], "rotation": 180, "texture": "#missing"}
			}
		},
		{
			"from": [10, 12, -11],
			"to": [11, 16, 11],
			"faces": {
				"north": {"uv": [0, 0, 1, 4], "texture": "#3"},
				"east": {"uv": [0, 0, 16, 4], "texture": "#3"},
				"south": {"uv": [0, 0, 1, 4], "texture": "#3"},
				"west": {"uv": [0, 0, 16, 4], "texture": "#3"},
				"up": {"uv": [0, 0, 1, 16], "rotation": 180, "texture": "#3"},
				"down": {"uv": [0, 0, 1, 16], "rotation": 180, "texture": "#3"}
			}
		},
		{
			"from": [13, 0, 3],
			"to": [16, 16, 7],
			"faces": {
				"north": {"uv": [0, 0, 3, 16], "texture": "#0"},
				"east": {"uv": [9, 0, 13, 16], "texture": "#0"},
				"south": {"uv": [0, 0, 3, 16], "texture": "#0"},
				"west": {"uv": [0, 0, 4, 16], "texture": "#missing"},
				"up": {"uv": [0, 9, 3, 13], "rotation": 180, "texture": "#1"},
				"down": {"uv": [6, 0, 9, 4], "rotation": 180, "texture": "#missing"}
			}
		},
		{
			"from": [13, 0, 12],
			"to": [16, 16, 16],
			"faces": {
				"north": {"uv": [0, 0, 3, 16], "texture": "#0"},
				"east": {"uv": [0, 0, 4, 16], "texture": "#0"},
				"south": {"uv": [13, 0, 16, 16], "texture": "#0"},
				"west": {"uv": [0, 0, 4, 16], "texture": "#missing"},
				"up": {"uv": [0, 0, 3, 4], "rotation": 180, "texture": "#1"},
				"down": {"uv": [0, 0, 3, 4], "rotation": 180, "texture": "#missing"}
			}
		},
		{
			"from": [13, 0, 7],
			"to": [16, 1, 12],
			"faces": {
				"north": {"uv": [0, 0, 3, 1], "texture": "#missing"},
				"east": {"uv": [4, 15, 9, 16], "texture": "#0"},
				"south": {"uv": [0, 0, 3, 1], "texture": "#missing"},
				"west": {"uv": [0, 0, 5, 1], "texture": "#missing"},
				"up": {"uv": [0, 4, 3, 9], "rotation": 180, "texture": "#1"},
				"down": {"uv": [3, 0, 6, 5], "rotation": 180, "texture": "#missing"}
			}
		},
		{
			"from": [13, 6, 7],
			"to": [16, 7, 12],
			"faces": {
				"north": {"uv": [0, 0, 3, 1], "texture": "#missing"},
				"east": {"uv": [4, 8, 9, 9], "texture": "#0"},
				"south": {"uv": [0, 0, 3, 1], "texture": "#missing"},
				"west": {"uv": [0, 0, 5, 1], "texture": "#missing"},
				"up": {"uv": [0, 4, 3, 9], "rotation": 180, "texture": "#1"},
				"down": {"uv": [0, 4, 3, 9], "rotation": 180, "texture": "#1"}
			}
		},
		{
			"from": [11, 12, 3],
			"to": [13, 16, 16],
			"faces": {
				"north": {"uv": [0, 0, 2, 4], "texture": "#missing"},
				"east": {"uv": [0, 0, 13, 4], "texture": "#0"},
				"south": {"uv": [11, 0, 13, 4], "texture": "#0"},
				"west": {"uv": [0, 0, 13, 4], "texture": "#missing"},
				"up": {"uv": [3, 0, 5, 13], "rotation": 180, "texture": "#1"},
				"down": {"uv": [0, 0, 2, 13], "rotation": 180, "texture": "#missing"}
			}
		},
		{
			"from": [-16, 0, 11],
			"to": [0, 16, 16],
			"faces": {
				"north": {"uv": [0, 0, 16, 16], "texture": "#0"},
				"east": {"uv": [0, 0, 5, 16], "texture": "#missing"},
				"south": {"uv": [0, 0, 16, 16], "texture": "#0"},
				"west": {"uv": [11, 0, 16, 16], "texture": "#0"},
				"up": {"uv": [0, 0, 16, 5], "rotation": 180, "texture": "#1"},
				"down": {"uv": [0, 0, 16, 5], "rotation": 180, "texture": "#missing"}
			}
		},
		{
			"from": [-16, 0, -16],
			"to": [0, 16, -11],
			"faces": {
				"north": {"uv": [0, 0, 16, 16], "texture": "#0"},
				"east": {"uv": [0, 0, 5, 16], "texture": "#missing"},
				"south": {"uv": [0, 0, 16, 16], "texture": "#0"},
				"west": {"uv": [0, 0, 5, 16], "texture": "#0"},
				"up": {"uv": [0, 11, 16, 16], "rotation": 180, "texture": "#1"},
				"down": {"uv": [0, 0, 16, 5], "rotation": 180, "texture": "#missing"}
			}
		},
		{
			"from": [-16, 0, 0],
			"to": [-10, 16, 11],
			"faces": {
				"north": {"uv": [0, 0, 6, 16], "texture": "#missing"},
				"east": {"uv": [5, 0, 16, 16], "texture": "#0"},
				"south": {"uv": [0, 0, 6, 16], "texture": "#missing"},
				"west": {"uv": [0, 0, 11, 16], "texture": "#0"},
				"up": {"uv": [10, 5, 16, 16], "rotation": 180, "texture": "#1"},
				"down": {"uv": [0, 0, 6, 11], "rotation": 180, "texture": "#missing"}
			}
		},
		{
			"from": [10, 0, -16],
			"to": [11, 12, -3],
			"faces": {
				"north": {"uv": [5, 4, 6, 16], "texture": "#0"},
				"east": {"uv": [0, 0, 13, 12], "texture": "#missing"},
				"south": {"uv": [0, 0, 1, 12], "texture": "#0"},
				"west": {"uv": [0, 0, 13, 12], "texture": "#0"},
				"up": {"uv": [0, 0, 1, 13], "rotation": 180, "texture": "#missing"},
				"down": {"uv": [0, 0, 1, 13], "rotation": 180, "texture": "#missing"}
			}
		},
		{
			"from": [-10, 12, 10],
			"to": [10, 16, 11],
			"faces": {
				"north": {"uv": [0, 0, 16, 4], "texture": "#3"},
				"east": {"uv": [0, 0, 1, 4], "texture": "#3"},
				"south": {"uv": [0, 0, 16, 4], "texture": "#3"},
				"west": {"uv": [0, 0, 1, 4], "texture": "#3"},
				"up": {"uv": [0, 0, 16, 1], "rotation": 180, "texture": "#3"},
				"down": {"uv": [0, 0, 16, 1], "rotation": 180, "texture": "#3"}
			}
		},
		{
			"from": [-10, 12, -11],
			"to": [10, 16, -10],
			"faces": {
				"north": {"uv": [0, 0, 16, 4], "texture": "#3"},
				"east": {"uv": [0, 0, 1, 4], "texture": "#3"},
				"south": {"uv": [0, 0, 16, 4], "texture": "#3"},
				"west": {"uv": [0, 0, 1, 4], "texture": "#3"},
				"up": {"uv": [0, 0, 16, 1], "rotation": 180, "texture": "#3"},
				"down": {"uv": [0, 0, 16, 1], "rotation": 180, "texture": "#3"}
			}
		},
		{
			"from": [-10, 12, -10],
			"to": [-9, 16, 10],
			"faces": {
				"north": {"uv": [0, 0, 1, 4], "texture": "#3"},
				"east": {"uv": [0, 0, 16, 4], "texture": "#3"},
				"south": {"uv": [0, 0, 1, 4], "texture": "#3"},
				"west": {"uv": [0, 0, 16, 4], "texture": "#3"},
				"up": {"uv": [0, 0, 1, 16], "rotation": 180, "texture": "#3"},
				"down": {"uv": [0, 0, 1, 16], "rotation": 180, "texture": "#3"}
			}
		},
		{
			"from": [-10, 11, -11],
			"to": [11, 12, 11],
			"faces": {
				"north": {"uv": [0, 0, 16, 1], "texture": "#3"},
				"east": {"uv": [0, 0, 16, 1], "texture": "#3"},
				"south": {"uv": [0, 0, 16, 1], "texture": "#3"},
				"west": {"uv": [0, 0, 16, 1], "texture": "#3"},
				"up": {"uv": [0, 0, 16, 16], "rotation": 180, "texture": "#3"},
				"down": {"uv": [0, 0, 16, 16], "rotation": 180, "texture": "#3"}
			}
		},
		{
			"from": [-10, 0, 3],
			"to": [0, 7, 11],
			"faces": {
				"north": {"uv": [0, 0, 10, 7], "texture": "#missing"},
				"east": {"uv": [0, 0, 8, 7], "texture": "#missing"},
				"south": {"uv": [0, 0, 10, 7], "texture": "#missing"},
				"west": {"uv": [0, 0, 8, 7], "texture": "#missing"},
				"up": {"uv": [0, 0, 10, 8], "rotation": 180, "texture": "#1"},
				"down": {"uv": [0, 0, 10, 8], "rotation": 180, "texture": "#missing"}
			}
		},
		{
			"from": [-10, 0, -11],
			"to": [0, 7, -3],
			"faces": {
				"north": {"uv": [0, 0, 10, 7], "texture": "#missing"},
				"east": {"uv": [0, 0, 8, 7], "texture": "#missing"},
				"south": {"uv": [0, 0, 10, 7], "texture": "#missing"},
				"west": {"uv": [0, 0, 8, 7], "texture": "#missing"},
				"up": {"uv": [0, 8, 10, 16], "rotation": 180, "texture": "#1"},
				"down": {"uv": [0, 0, 10, 8], "rotation": 180, "texture": "#missing"}
			}
		},
		{
			"from": [-10, 0, 0],
			"to": [0, 7, 3],
			"faces": {
				"north": {"uv": [0, 0, 10, 7], "texture": "#missing"},
				"east": {"uv": [13, 0, 16, 7], "texture": "#0"},
				"south": {"uv": [0, 0, 10, 7], "texture": "#missing"},
				"west": {"uv": [0, 0, 3, 7], "texture": "#missing"},
				"up": {"uv": [0, 8, 10, 11], "rotation": 180, "texture": "#1"},
				"down": {"uv": [0, 0, 10, 3], "rotation": 180, "texture": "#missing"}
			}
		},
		{
			"from": [0, 6, -2],
			"to": [7, 7, -1],
			"faces": {
				"north": {"uv": [0, 0, 7, 1], "texture": "#4"},
				"east": {"uv": [0, 0, 1, 1], "texture": "#4"},
				"south": {"uv": [0, 0, 7, 1], "texture": "#4"},
				"west": {"uv": [0, 0, 1, 1], "texture": "#4"},
				"up": {"uv": [0, 0, 7, 1], "rotation": 180, "texture": "#4"},
				"down": {"uv": [0, 0, 7, 1], "rotation": 180, "texture": "#4"}
			}
		},
		{
			"from": [0, 6, 1],
			"to": [7, 7, 2],
			"faces": {
				"north": {"uv": [0, 0, 7, 1], "texture": "#4"},
				"east": {"uv": [0, 0, 1, 1], "texture": "#4"},
				"south": {"uv": [0, 0, 7, 1], "texture": "#4"},
				"west": {"uv": [0, 0, 1, 1], "texture": "#4"},
				"up": {"uv": [0, 0, 7, 1], "rotation": 180, "texture": "#4"},
				"down": {"uv": [0, 0, 7, 1], "rotation": 180, "texture": "#4"}
			}
		},
		{
			"from": [10, 12, 11],
			"to": [11, 16, 16],
			"faces": {
				"north": {"uv": [0, 0, 1, 4], "texture": "#missing"},
				"east": {"uv": [0, 0, 5, 4], "texture": "#missing"},
				"south": {"uv": [10, 0, 11, 4], "texture": "#0"},
				"west": {"uv": [0, 0, 5, 4], "texture": "#missing"},
				"up": {"uv": [5, 0, 6, 5], "rotation": 180, "texture": "#1"},
				"down": {"uv": [0, 0, 1, 5], "rotation": 180, "texture": "#missing"}
			}
		},
		{
			"from": [10, 12, -16],
			"to": [11, 16, -11],
			"faces": {
				"north": {"uv": [5, 0, 6, 4], "texture": "#0"},
				"east": {"uv": [0, 0, 5, 4], "texture": "#missing"},
				"south": {"uv": [0, 0, 1, 4], "texture": "#missing"},
				"west": {"uv": [0, 0, 5, 4], "texture": "#missing"},
				"up": {"uv": [5, 11, 6, 16], "rotation": 180, "texture": "#1"},
				"down": {"uv": [0, 0, 1, 5], "rotation": 180, "texture": "#missing"}
			}
		},
		{
			"from": [0, 0, -3],
			"to": [16, 0.2, 0],
			"faces": {
				"north": {"uv": [0, 0, 16, 0], "texture": "#missing"},
				"east": {"uv": [0, 0, 3, 0], "texture": "#0"},
				"south": {"uv": [0, 0, 16, 0], "texture": "#missing"},
				"west": {"uv": [0, 0, 3, 0], "texture": "#missing"},
				"up": {"uv": [0, 0, 16, 3], "rotation": 180, "texture": "#1"},
				"down": {"uv": [0, 0, 16, 3], "rotation": 180, "texture": "#1"}
			}
		},
		{
			"from": [7, 6, -3],
			"to": [16, 7, 0],
			"faces": {
				"north": {"uv": [0, 0, 9, 1], "texture": "#missing"},
				"east": {"uv": [0, 8, 3, 9], "texture": "#0"},
				"south": {"uv": [0, 0, 9, 1], "texture": "#missing"},
				"west": {"uv": [0, 0, 3, 1], "texture": "#0"},
				"up": {"uv": [0, 0, 9, 3], "rotation": 180, "texture": "#1"},
				"down": {"uv": [0, 0, 9, 3], "rotation": 180, "texture": "#1"}
			}
		},
		{
			"from": [11, 12, -3],
			"to": [16, 16, 0],
			"faces": {
				"north": {"uv": [0, 0, 5, 4], "texture": "#missing"},
				"east": {"uv": [0, 0, 3, 4], "texture": "#0"},
				"south": {"uv": [0, 0, 5, 4], "texture": "#missing"},
				"west": {"uv": [0, 0, 3, 4], "texture": "#missing"},
				"up": {"uv": [0, 0, 5, 3], "rotation": 180, "texture": "#1"},
				"down": {"uv": [0, 0, 5, 3], "rotation": 180, "texture": "#1"}
			}
		},
		{
			"from": [-16, 0, -11],
			"to": [-10, 16, 0],
			"faces": {
				"north": {"uv": [0, 0, 6, 16], "texture": "#missing"},
				"east": {"uv": [0, 0, 11, 16], "texture": "#0"},
				"south": {"uv": [0, 0, 6, 16], "texture": "#missing"},
				"west": {"uv": [5, 0, 16, 16], "texture": "#0"},
				"up": {"uv": [10, 0, 16, 11], "rotation": 180, "texture": "#1"},
				"down": {"uv": [0, 0, 6, 11], "rotation": 180, "texture": "#missing"}
			}
		},
		{
			"from": [-10, 0, -3],
			"to": [0, 7, 0],
			"faces": {
				"north": {"uv": [0, 0, 10, 7], "texture": "#missing"},
				"east": {"uv": [0, 0, 3, 7], "texture": "#0"},
				"south": {"uv": [0, 0, 10, 7], "texture": "#missing"},
				"west": {"uv": [0, 0, 3, 7], "texture": "#missing"},
				"up": {"uv": [0, 0, 10, 3], "rotation": 180, "texture": "#1"},
				"down": {"uv": [0, 0, 10, 3], "rotation": 180, "texture": "#missing"}
			}
		},
		{
			"from": [0, 0, 11],
			"to": [10, 16, 16],
			"faces": {
				"north": {"uv": [6, 0, 16, 16], "texture": "#0"},
				"east": {"uv": [0, 0, 5, 16], "texture": "#missing"},
				"south": {"uv": [0, 0, 10, 16], "texture": "#0"},
				"west": {"uv": [0, 0, 5, 16], "texture": "#missing"},
				"up": {"uv": [6, 0, 16, 5], "rotation": 180, "texture": "#1"},
				"down": {"uv": [0, 0, 10, 5], "rotation": 180, "texture": "#missing"}
			}
		},
		{
			"from": [0, 0, 3],
			"to": [10, 7, 11],
			"faces": {
				"north": {"uv": [6, 0, 16, 7], "texture": "#0"},
				"east": {"uv": [0, 0, 8, 7], "texture": "#missing"},
				"south": {"uv": [0, 0, 10, 7], "texture": "#missing"},
				"west": {"uv": [0, 0, 8, 7], "texture": "#missing"},
				"up": {"uv": [0, 0, 10, 8], "rotation": 180, "texture": "#1"},
				"down": {"uv": [0, 0, 10, 8], "rotation": 180, "texture": "#missing"}
			}
		},
		{
			"from": [0, 0, -11],
			"to": [10, 7, -3],
			"faces": {
				"north": {"uv": [0, 0, 10, 7], "texture": "#missing"},
				"east": {"uv": [0, 0, 8, 7], "texture": "#missing"},
				"south": {"uv": [0, 0, 10, 7], "texture": "#0"},
				"west": {"uv": [0, 0, 8, 7], "texture": "#missing"},
				"up": {"uv": [6, 8, 16, 16], "rotation": 180, "texture": "#1"},
				"down": {"uv": [0, 0, 10, 8], "rotation": 180, "texture": "#missing"}
			}
		},
		{
			"from": [0, 0, -16],
			"to": [10, 16, -11],
			"faces": {
				"north": {"uv": [6, 0, 16, 16], "texture": "#0"},
				"east": {"uv": [0, 0, 5, 16], "texture": "#missing"},
				"south": {"uv": [0, 0, 10, 16], "texture": "#0"},
				"west": {"uv": [0, 0, 5, 16], "texture": "#missing"},
				"up": {"uv": [6, 11, 16, 16], "rotation": 180, "texture": "#1"},
				"down": {"uv": [0, 0, 10, 5], "rotation": 180, "texture": "#missing"}
			}
		},
		{
			"from": [-10, 16, -11],
			"to": [11, 17, 11],
			"faces": {
				"north": {"uv": [0, 0, 16, 1], "texture": "#5"},
				"east": {"uv": [0, 0, 16, 1], "texture": "#5"},
				"south": {"uv": [0, 0, 16, 1], "texture": "#5"},
				"west": {"uv": [0, 0, 16, 1], "texture": "#5"},
				"up": {"uv": [0, 0, 16, 16], "texture": "#5"},
				"down": {"uv": [0, 0, 16, 16], "texture": "#5"}
			}
		},
		{
			"from": [-1, 18, -3],
			"to": [1, 19, 2],
			"faces": {
				"north": {"uv": [0, 0, 2, 1], "texture": "#5"},
				"east": {"uv": [0, 0, 5, 1], "texture": "#5"},
				"south": {"uv": [0, 0, 2, 1], "texture": "#5"},
				"west": {"uv": [0, 0, 5, 1], "texture": "#5"},
				"up": {"uv": [0, 0, 2, 5], "texture": "#5"},
				"down": {"uv": [0, 0, 2, 5], "texture": "#5"}
			}
		},
		{
			"from": [-1, 17, -7],
			"to": [1, 18, -2],
			"faces": {
				"north": {"uv": [0, 0, 2, 1], "texture": "#5"},
				"east": {"uv": [0, 0, 5, 1], "texture": "#5"},
				"south": {"uv": [0, 0, 2, 1], "texture": "#5"},
				"west": {"uv": [0, 0, 5, 1], "texture": "#5"},
				"up": {"uv": [0, 0, 2, 5], "texture": "#5"},
				"down": {"uv": [0, 0, 2, 5], "texture": "#5"}
			}
		},
		{
			"from": [-1, 17, 1],
			"to": [1, 18, 6],
			"faces": {
				"north": {"uv": [0, 0, 2, 1], "texture": "#5"},
				"east": {"uv": [0, 0, 5, 1], "texture": "#5"},
				"south": {"uv": [0, 0, 2, 1], "texture": "#5"},
				"west": {"uv": [0, 0, 5, 1], "texture": "#5"},
				"up": {"uv": [0, 0, 2, 5], "texture": "#5"},
				"down": {"uv": [0, 0, 2, 5], "texture": "#5"}
			}
		}
	]
}