{
	"credit": "By Aillyaes",
	"parent": "block/block",
	"ambientocclusion": false,
	"elements": [
		{
			"name": "Full wall",
			"from": [4, 0, 0],
			"to": [12, 16, 16],
			"faces": {
				"north": {"uv": [5, 3, 11, 16], "texture": "#wall", "cullface": "north"},
				"east": {"uv": [0, 3, 16, 16], "texture": "#wall"},
				"south": {"uv": [5, 3, 11, 16], "texture": "#wall", "cullface": "south"},
				"west": {"uv": [0, 3, 16, 16], "texture": "#wall"},
				"up": {"uv": [5, 0, 11, 16], "texture": "#wall"},
				"down": {"uv": [5, 0, 11, 16], "texture": "#wall", "cullface": "down"}
			}
		}
	],
	"display": {
		"gui": {
			"rotation": [30, 135, 0],
			"scale": [0.625, 0.625, 0.625]
		},
		"fixed": {
			"rotation": [0, 90, 0],
			"scale": [0.5, 0.5, 0.5]
		}
	}
}