{
	"credit": "By Aillyaes",
	"textures": {
		"0": "block/stripped_acacia_log",
		"1": "block/glass",
		"2": "block/stripped_birch_log",
		"3": "block/stone_bricks",
		"5": "block/spruce_log_top",
		"1_0": "block/dark_oak_planks",
		"particle": "block/dark_oak_planks"
	},
	"elements": [
		{
			"from": [-15, -16, 1],
			"to": [-14, -15, 2],
			"faces": {
				"north": {"uv": [0, 0, 16, 16], "texture": "#0"},
				"east": {"uv": [0, 0, 16, 16], "texture": "#0"},
				"south": {"uv": [0, 0, 16, 16], "texture": "#0"},
				"west": {"uv": [0, 0, 16, 16], "texture": "#0"},
				"up": {"uv": [0, 0, 16, 16], "texture": "#0"},
				"down": {"uv": [0, 0, 16, 16], "texture": "#0"}
			}
		},
		{
			"from": [-15, -16, 18],
			"to": [-14, -15, 19],
			"faces": {
				"north": {"uv": [0, 0, 16, 16], "texture": "#0"},
				"east": {"uv": [0, 0, 16, 16], "texture": "#0"},
				"south": {"uv": [0, 0, 16, 16], "texture": "#0"},
				"west": {"uv": [0, 0, 16, 16], "texture": "#0"},
				"up": {"uv": [0, 0, 16, 16], "texture": "#0"},
				"down": {"uv": [0, 0, 16, 16], "texture": "#0"}
			}
		},
		{
			"from": [-16, -15, 0],
			"to": [32, -14, 20],
			"faces": {
				"north": {"uv": [0, 0, 16, 1], "texture": "#0"},
				"east": {"uv": [0, 0, 16, 1], "texture": "#0"},
				"south": {"uv": [0, 0, 16, 1], "texture": "#0"},
				"west": {"uv": [0, 0, 16, 1], "texture": "#0"},
				"up": {"uv": [0, 0, 16, 16], "texture": "#0"},
				"down": {"uv": [0, 0, 16, 16], "texture": "#0"}
			}
		},
		{
			"from": [30, -16, 1],
			"to": [31, -15, 2],
			"faces": {
				"north": {"uv": [0, 0, 16, 16], "texture": "#0"},
				"east": {"uv": [0, 0, 16, 16], "texture": "#0"},
				"south": {"uv": [0, 0, 16, 16], "texture": "#0"},
				"west": {"uv": [0, 0, 16, 16], "texture": "#0"},
				"up": {"uv": [0, 0, 16, 16], "texture": "#0"},
				"down": {"uv": [0, 0, 16, 16], "texture": "#0"}
			}
		},
		{
			"from": [30, -16, 18],
			"to": [31, -15, 19],
			"faces": {
				"north": {"uv": [0, 0, 16, 16], "texture": "#0"},
				"east": {"uv": [0, 0, 16, 16], "texture": "#0"},
				"south": {"uv": [0, 0, 16, 16], "texture": "#0"},
				"west": {"uv": [0, 0, 16, 16], "texture": "#0"},
				"up": {"uv": [0, 0, 16, 16], "texture": "#0"},
				"down": {"uv": [0, 0, 16, 16], "texture": "#0"}
			}
		},
		{
			"from": [-16, -14, 0],
			"to": [-15, 24, 1],
			"faces": {
				"north": {"uv": [0, 0, 1, 16], "texture": "#0"},
				"east": {"uv": [0, 0, 1, 16], "texture": "#0"},
				"south": {"uv": [0, 0, 1, 16], "texture": "#0"},
				"west": {"uv": [0, 0, 1, 16], "texture": "#0"},
				"up": {"uv": [0, 0, 1, 1], "texture": "#0"},
				"down": {"uv": [0, 0, 1, 1], "texture": "#0"}
			}
		},
		{
			"from": [-16, -14, 19],
			"to": [-15, 2, 20],
			"faces": {
				"north": {"uv": [0, 0, 1, 16], "texture": "#0"},
				"east": {"uv": [0, 0, 1, 16], "texture": "#0"},
				"south": {"uv": [0, 0, 1, 16], "texture": "#0"},
				"west": {"uv": [0, 0, 1, 16], "texture": "#0"},
				"up": {"uv": [0, 0, 1, 1], "texture": "#0"},
				"down": {"uv": [0, 0, 1, 1], "texture": "#0"}
			}
		},
		{
			"from": [31, -14, 19],
			"to": [32, 2, 20],
			"faces": {
				"north": {"uv": [0, 0, 1, 16], "texture": "#0"},
				"east": {"uv": [0, 0, 1, 16], "texture": "#0"},
				"south": {"uv": [0, 0, 1, 16], "texture": "#0"},
				"west": {"uv": [0, 0, 1, 16], "texture": "#0"},
				"up": {"uv": [0, 0, 1, 1], "texture": "#0"},
				"down": {"uv": [0, 0, 1, 1], "texture": "#0"}
			}
		},
		{
			"from": [31, -14, 0],
			"to": [32, 24, 1],
			"faces": {
				"north": {"uv": [0, 0, 1, 16], "texture": "#0"},
				"east": {"uv": [0, 0, 1, 16], "texture": "#0"},
				"south": {"uv": [0, 0, 1, 16], "texture": "#0"},
				"west": {"uv": [0, 0, 1, 16], "texture": "#0"},
				"up": {"uv": [0, 0, 1, 1], "texture": "#0"},
				"down": {"uv": [0, 0, 1, 1], "texture": "#0"}
			}
		},
		{
			"from": [31, 23, 1],
			"to": [32, 24, 10],
			"faces": {
				"north": {"uv": [0, 0, 1, 1], "texture": "#0"},
				"east": {"uv": [0, 0, 9, 1], "texture": "#0"},
				"south": {"uv": [0, 0, 1, 1], "texture": "#0"},
				"west": {"uv": [0, 0, 9, 1], "texture": "#0"},
				"up": {"uv": [0, 0, 1, 9], "texture": "#0"},
				"down": {"uv": [0, 0, 1, 9], "texture": "#0"}
			}
		},
		{
			"from": [31, 1, 1],
			"to": [32, 2, 19],
			"faces": {
				"north": {"uv": [0, 0, 1, 1], "texture": "#0"},
				"east": {"uv": [0, 0, 16, 1], "texture": "#0"},
				"south": {"uv": [0, 0, 1, 1], "texture": "#0"},
				"west": {"uv": [0, 0, 16, 1], "texture": "#0"},
				"up": {"uv": [0, 0, 1, 16], "texture": "#0"},
				"down": {"uv": [0, 0, 1, 16], "texture": "#0"}
			}
		},
		{
			"from": [-16, 1, 1],
			"to": [-15, 2, 19],
			"faces": {
				"north": {"uv": [0, 0, 1, 1], "texture": "#0"},
				"east": {"uv": [0, 0, 16, 1], "texture": "#0"},
				"south": {"uv": [0, 0, 1, 1], "texture": "#0"},
				"west": {"uv": [0, 0, 16, 1], "texture": "#0"},
				"up": {"uv": [0, 0, 1, 16], "texture": "#0"},
				"down": {"uv": [0, 0, 1, 16], "texture": "#0"}
			}
		},
		{
			"from": [-16, 23, 1],
			"to": [-15, 24, 10],
			"faces": {
				"north": {"uv": [0, 0, 1, 1], "texture": "#0"},
				"east": {"uv": [0, 0, 9, 1], "texture": "#0"},
				"south": {"uv": [0, 0, 1, 1], "texture": "#0"},
				"west": {"uv": [0, 0, 9, 1], "texture": "#0"},
				"up": {"uv": [0, 0, 1, 9], "texture": "#0"},
				"down": {"uv": [0, 0, 1, 9], "texture": "#0"}
			}
		},
		{
			"from": [-15, 23, 0],
			"to": [31, 24, 10],
			"faces": {
				"north": {"uv": [0, 0, 16, 1], "texture": "#0"},
				"east": {"uv": [0, 0, 10, 1], "texture": "#0"},
				"south": {"uv": [0, 0, 16, 1], "texture": "#0"},
				"west": {"uv": [0, 0, 10, 1], "texture": "#0"},
				"up": {"uv": [0, 0, 16, 10], "texture": "#0"},
				"down": {"uv": [0, 0, 16, 10], "texture": "#0"}
			}
		},
		{
			"from": [-15, 1, 0],
			"to": [31, 2, 20],
			"faces": {
				"north": {"uv": [0, 0, 16, 1], "texture": "#0"},
				"east": {"uv": [0, 0, 16, 1], "texture": "#0"},
				"south": {"uv": [0, 0, 16, 1], "texture": "#0"},
				"west": {"uv": [0, 0, 16, 1], "texture": "#0"},
				"up": {"uv": [0, 0, 16, 16], "texture": "#0"},
				"down": {"uv": [0, 0, 16, 16], "texture": "#0"}
			}
		},
		{
			"from": [-16, 2, 6],
			"to": [-15, 11, 7],
			"faces": {
				"north": {"uv": [0, 0, 1, 9], "texture": "#0"},
				"east": {"uv": [0, 0, 1, 9], "texture": "#0"},
				"south": {"uv": [0, 0, 1, 9], "texture": "#0"},
				"west": {"uv": [0, 0, 1, 9], "texture": "#0"},
				"up": {"uv": [0, 0, 1, 1], "texture": "#0"},
				"down": {"uv": [0, 0, 1, 1], "texture": "#0"}
			}
		},
		{
			"from": [31, 2, 6],
			"to": [32, 11, 7],
			"faces": {
				"north": {"uv": [0, 0, 1, 9], "texture": "#0"},
				"east": {"uv": [0, 0, 1, 9], "texture": "#0"},
				"south": {"uv": [0, 0, 1, 9], "texture": "#0"},
				"west": {"uv": [0, 0, 1, 9], "texture": "#0"},
				"up": {"uv": [0, 0, 1, 1], "texture": "#0"},
				"down": {"uv": [0, 0, 1, 1], "texture": "#0"}
			}
		},
		{
			"from": [-15, 10, 0],
			"to": [31, 11, 10],
			"faces": {
				"north": {"uv": [0, 0, 16, 1], "texture": "#0"},
				"east": {"uv": [0, 0, 10, 1], "texture": "#0"},
				"south": {"uv": [0, 0, 16, 1], "texture": "#0"},
				"west": {"uv": [0, 0, 10, 1], "texture": "#0"},
				"up": {"uv": [0, 0, 16, 10], "texture": "#0"},
				"down": {"uv": [0, 0, 16, 10], "texture": "#0"}
			}
		},
		{
			"from": [-16, 10, 7],
			"to": [-15, 11, 10],
			"faces": {
				"north": {"uv": [0, 0, 1, 1], "texture": "#0"},
				"east": {"uv": [0, 0, 3, 1], "texture": "#0"},
				"south": {"uv": [0, 0, 1, 1], "texture": "#0"},
				"west": {"uv": [0, 0, 3, 1], "texture": "#0"},
				"up": {"uv": [0, 0, 1, 3], "texture": "#0"},
				"down": {"uv": [0, 0, 1, 3], "texture": "#0"}
			}
		},
		{
			"from": [31, 10, 7],
			"to": [32, 11, 10],
			"faces": {
				"north": {"uv": [0, 0, 1, 1], "texture": "#0"},
				"east": {"uv": [0, 0, 3, 1], "texture": "#0"},
				"south": {"uv": [0, 0, 1, 1], "texture": "#0"},
				"west": {"uv": [0, 0, 3, 1], "texture": "#0"},
				"up": {"uv": [0, 0, 1, 3], "texture": "#0"},
				"down": {"uv": [0, 0, 1, 3], "texture": "#0"}
			}
		},
		{
			"from": [31, 10, 1],
			"to": [32, 11, 6],
			"faces": {
				"north": {"uv": [0, 0, 1, 1], "texture": "#0"},
				"east": {"uv": [0, 0, 5, 1], "texture": "#0"},
				"south": {"uv": [0, 0, 1, 1], "texture": "#0"},
				"west": {"uv": [0, 0, 5, 1], "texture": "#0"},
				"up": {"uv": [0, 0, 1, 5], "texture": "#0"},
				"down": {"uv": [0, 0, 1, 5], "texture": "#0"}
			}
		},
		{
			"from": [-16, 10, 1],
			"to": [-15, 11, 6],
			"faces": {
				"north": {"uv": [0, 0, 1, 1], "texture": "#0"},
				"east": {"uv": [0, 0, 5, 1], "texture": "#0"},
				"south": {"uv": [0, 0, 1, 1], "texture": "#0"},
				"west": {"uv": [0, 0, 5, 1], "texture": "#0"},
				"up": {"uv": [0, 0, 1, 5], "texture": "#0"},
				"down": {"uv": [0, 0, 1, 5], "texture": "#0"}
			}
		},
		{
			"from": [31, 11, 9],
			"to": [32, 23, 10],
			"faces": {
				"north": {"uv": [0, 0, 1, 12], "texture": "#0"},
				"east": {"uv": [0, 0, 1, 12], "texture": "#0"},
				"south": {"uv": [0, 0, 1, 12], "texture": "#0"},
				"west": {"uv": [0, 0, 1, 12], "texture": "#0"},
				"up": {"uv": [0, 0, 1, 1], "texture": "#0"},
				"down": {"uv": [0, 0, 1, 1], "texture": "#0"}
			}
		},
		{
			"from": [-16, 11, 9],
			"to": [-15, 23, 10],
			"faces": {
				"north": {"uv": [0, 0, 1, 12], "texture": "#0"},
				"east": {"uv": [0, 0, 1, 12], "texture": "#0"},
				"south": {"uv": [0, 0, 1, 12], "texture": "#0"},
				"west": {"uv": [0, 0, 1, 12], "texture": "#0"},
				"up": {"uv": [0, 0, 1, 1], "texture": "#0"},
				"down": {"uv": [0, 0, 1, 1], "texture": "#0"}
			}
		},
		{
			"from": [-15, 11, 0.5],
			"to": [31, 23, 1],
			"faces": {
				"north": {"uv": [0, 0, 16, 12], "texture": "#0"},
				"east": {"uv": [0, 0, 0.5, 12], "texture": "#0"},
				"south": {"uv": [0, 0, 16, 12], "texture": "#0"},
				"west": {"uv": [0, 0, 0.5, 12], "texture": "#0"},
				"up": {"uv": [0, 0, 16, 0.5], "texture": "#0"},
				"down": {"uv": [0, 0, 16, 0.5], "texture": "#0"}
			}
		},
		{
			"from": [-15, 2, 0.5],
			"to": [31, 10, 1],
			"faces": {
				"north": {"uv": [0, 0, 16, 8], "texture": "#0"},
				"east": {"uv": [0, 0, 0.5, 8], "texture": "#0"},
				"south": {"uv": [0, 0, 16, 8], "texture": "#0"},
				"west": {"uv": [0, 0, 0.5, 8], "texture": "#0"},
				"up": {"uv": [0, 0, 16, 0.5], "texture": "#0"},
				"down": {"uv": [0, 0, 16, 0.5], "texture": "#0"}
			}
		},
		{
			"from": [-15, -14, 0.5],
			"to": [31, 1, 1],
			"faces": {
				"north": {"uv": [0, 0, 16, 15], "texture": "#0"},
				"east": {"uv": [0, 0, 0.5, 15], "texture": "#0"},
				"south": {"uv": [0, 0, 16, 15], "texture": "#0"},
				"west": {"uv": [0, 0, 0.5, 15], "texture": "#0"},
				"up": {"uv": [0, 0, 16, 0.5], "texture": "#0"},
				"down": {"uv": [0, 0, 16, 0.5], "texture": "#0"}
			}
		},
		{
			"from": [31, 2, 1],
			"to": [31.5, 10, 6],
			"faces": {
				"north": {"uv": [0, 0, 0.5, 8], "texture": "#0"},
				"east": {"uv": [0, 0, 5, 8], "texture": "#0"},
				"south": {"uv": [0, 0, 0.5, 8], "texture": "#0"},
				"west": {"uv": [0, 0, 5, 8], "texture": "#0"},
				"up": {"uv": [0, 0, 0.5, 5], "texture": "#0"},
				"down": {"uv": [0, 0, 0.5, 5], "texture": "#0"}
			}
		},
		{
			"from": [31, 11, 1],
			"to": [31.5, 23, 9],
			"faces": {
				"north": {"uv": [0, 0, 0.5, 12], "texture": "#0"},
				"east": {"uv": [0, 0, 8, 12], "texture": "#0"},
				"south": {"uv": [0, 0, 0.5, 12], "texture": "#0"},
				"west": {"uv": [0, 0, 8, 12], "texture": "#0"},
				"up": {"uv": [0, 0, 0.5, 8], "texture": "#0"},
				"down": {"uv": [0, 0, 0.5, 8], "texture": "#0"}
			}
		},
		{
			"from": [31, -14, 1],
			"to": [31.5, 1, 19],
			"faces": {
				"north": {"uv": [0, 0, 0.5, 15], "texture": "#0"},
				"east": {"uv": [0, 0, 16, 15], "texture": "#0"},
				"south": {"uv": [0, 0, 0.5, 15], "texture": "#0"},
				"west": {"uv": [0, 0, 16, 15], "texture": "#0"},
				"up": {"uv": [0, 0, 0.5, 16], "texture": "#0"},
				"down": {"uv": [0, 0, 0.5, 16], "texture": "#0"}
			}
		},
		{
			"from": [-15.5, -14, 1],
			"to": [-15, 1, 19],
			"faces": {
				"north": {"uv": [0, 0, 0.5, 15], "texture": "#0"},
				"east": {"uv": [0, 0, 16, 15], "texture": "#0"},
				"south": {"uv": [0, 0, 0.5, 15], "texture": "#0"},
				"west": {"uv": [0, 0, 16, 15], "texture": "#0"},
				"up": {"uv": [0, 0, 0.5, 16], "texture": "#0"},
				"down": {"uv": [0, 0, 0.5, 16], "texture": "#0"}
			}
		},
		{
			"from": [-15.5, 2, 1],
			"to": [-15, 10, 6],
			"faces": {
				"north": {"uv": [0, 0, 0.5, 8], "texture": "#0"},
				"east": {"uv": [0, 0, 5, 8], "texture": "#0"},
				"south": {"uv": [0, 0, 0.5, 8], "texture": "#0"},
				"west": {"uv": [0, 0, 5, 8], "texture": "#0"},
				"up": {"uv": [0, 0, 0.5, 5], "texture": "#0"},
				"down": {"uv": [0, 0, 0.5, 5], "texture": "#0"}
			}
		},
		{
			"from": [-15.5, 11, 1],
			"to": [-15, 23, 9],
			"faces": {
				"north": {"uv": [0, 0, 0.5, 12], "texture": "#0"},
				"east": {"uv": [0, 0, 8, 12], "texture": "#0"},
				"south": {"uv": [0, 0, 0.5, 12], "texture": "#0"},
				"west": {"uv": [0, 0, 8, 12], "texture": "#0"},
				"up": {"uv": [0, 0, 0.5, 8], "texture": "#0"},
				"down": {"uv": [0, 0, 0.5, 8], "texture": "#0"}
			}
		},
		{
			"from": [-4, 11, 1],
			"to": [-3, 23, 10],
			"faces": {
				"north": {"uv": [0, 0, 1, 12], "texture": "#0"},
				"east": {"uv": [0, 0, 9, 12], "texture": "#0"},
				"south": {"uv": [0, 0, 1, 12], "texture": "#0"},
				"west": {"uv": [0, 0, 9, 12], "texture": "#0"},
				"up": {"uv": [0, 0, 1, 9], "texture": "#0"},
				"down": {"uv": [0, 0, 1, 9], "texture": "#0"}
			}
		},
		{
			"from": [19, 11, 1],
			"to": [20, 23, 10],
			"faces": {
				"north": {"uv": [0, 0, 1, 12], "texture": "#0"},
				"east": {"uv": [0, 0, 9, 12], "texture": "#0"},
				"south": {"uv": [0, 0, 1, 12], "texture": "#0"},
				"west": {"uv": [0, 0, 9, 12], "texture": "#0"},
				"up": {"uv": [0, 0, 1, 9], "texture": "#0"},
				"down": {"uv": [0, 0, 1, 9], "texture": "#0"}
			}
		},
		{
			"from": [9, -13, 19],
			"to": [30, 0, 19.5],
			"faces": {
				"north": {"uv": [0, 0, 9, 10], "texture": "#missing"},
				"east": {"uv": [0, 0, 0.5, 10], "texture": "#missing"},
				"south": {"uv": [0, 0, 16, 16], "texture": "#2"},
				"west": {"uv": [0, 0, 0.5, 10], "texture": "#missing"},
				"up": {"uv": [0, 0, 9, 0.5], "texture": "#missing"},
				"down": {"uv": [0, 0, 9, 0.5], "texture": "#missing"}
			}
		},
		{
			"from": [-15, 11, 9],
			"to": [-4, 12, 10],
			"faces": {
				"north": {"uv": [0, 0, 11, 1], "texture": "#2"},
				"east": {"uv": [0, 0, 1, 1], "texture": "#2"},
				"south": {"uv": [0, 0, 11, 1], "texture": "#2"},
				"west": {"uv": [0, 0, 1, 1], "texture": "#2"},
				"up": {"uv": [0, 0, 11, 1], "texture": "#2"},
				"down": {"uv": [0, 0, 11, 1], "texture": "#2"}
			}
		},
		{
			"from": [-15, 22, 9],
			"to": [-4, 23, 10],
			"faces": {
				"north": {"uv": [0, 0, 11, 1], "texture": "#2"},
				"east": {"uv": [0, 0, 1, 1], "texture": "#2"},
				"south": {"uv": [0, 0, 11, 1], "texture": "#2"},
				"west": {"uv": [0, 0, 1, 1], "texture": "#2"},
				"up": {"uv": [0, 0, 11, 1], "texture": "#2"},
				"down": {"uv": [0, 0, 11, 1], "texture": "#2"}
			}
		},
		{
			"from": [20, 22, 9],
			"to": [31, 23, 10],
			"rotation": {"angle": 22.5, "axis": "y", "origin": [30.60833, 16.66667, 9.6]},
			"faces": {
				"north": {"uv": [0, 0, 11, 1], "texture": "#2"},
				"east": {"uv": [0, 0, 1, 1], "texture": "#2"},
				"south": {"uv": [0, 0, 11, 1], "texture": "#2"},
				"west": {"uv": [0, 0, 1, 1], "texture": "#2"},
				"up": {"uv": [0, 0, 11, 1], "texture": "#2"},
				"down": {"uv": [0, 0, 11, 1], "texture": "#2"}
			}
		},
		{
			"from": [20, 11, 9],
			"to": [31, 12, 10],
			"rotation": {"angle": 22.5, "axis": "y", "origin": [30.60833, 16.66667, 9.6]},
			"faces": {
				"north": {"uv": [0, 0, 11, 1], "texture": "#2"},
				"east": {"uv": [0, 0, 1, 1], "texture": "#2"},
				"south": {"uv": [0, 0, 11, 1], "texture": "#2"},
				"west": {"uv": [0, 0, 1, 1], "texture": "#2"},
				"up": {"uv": [0, 0, 11, 1], "texture": "#2"},
				"down": {"uv": [0, 0, 11, 1], "texture": "#2"}
			}
		},
		{
			"from": [-5, 12, 9],
			"to": [-4, 22, 10],
			"faces": {
				"north": {"uv": [0, 0, 1, 10], "texture": "#2"},
				"east": {"uv": [0, 0, 1, 10], "texture": "#2"},
				"south": {"uv": [0, 0, 1, 10], "texture": "#2"},
				"west": {"uv": [0, 0, 1, 10], "texture": "#2"},
				"up": {"uv": [0, 0, 1, 1], "texture": "#2"},
				"down": {"uv": [0, 0, 1, 1], "texture": "#2"}
			}
		},
		{
			"from": [-15, 12, 9],
			"to": [-14, 22, 10],
			"faces": {
				"north": {"uv": [0, 0, 1, 10], "texture": "#2"},
				"east": {"uv": [0, 0, 1, 10], "texture": "#2"},
				"south": {"uv": [0, 0, 1, 10], "texture": "#2"},
				"west": {"uv": [0, 0, 1, 10], "texture": "#2"},
				"up": {"uv": [0, 0, 1, 1], "texture": "#2"},
				"down": {"uv": [0, 0, 1, 1], "texture": "#2"}
			}
		},
		{
			"from": [20, 12, 9],
			"to": [21, 22, 10],
			"rotation": {"angle": 22.5, "axis": "y", "origin": [30.60833, 16.66667, 9.6]},
			"faces": {
				"north": {"uv": [0, 0, 1, 10], "texture": "#2"},
				"east": {"uv": [0, 0, 1, 10], "texture": "#2"},
				"south": {"uv": [0, 0, 1, 10], "texture": "#2"},
				"west": {"uv": [0, 0, 1, 10], "texture": "#2"},
				"up": {"uv": [0, 0, 1, 1], "texture": "#2"},
				"down": {"uv": [0, 0, 1, 1], "texture": "#2"}
			}
		},
		{
			"from": [30, 12, 9],
			"to": [31, 22, 10],
			"rotation": {"angle": 22.5, "axis": "y", "origin": [30.60833, 16.66667, 9.6]},
			"faces": {
				"north": {"uv": [0, 0, 1, 10], "texture": "#2"},
				"east": {"uv": [0, 0, 1, 10], "texture": "#2"},
				"south": {"uv": [0, 0, 1, 10], "texture": "#2"},
				"west": {"uv": [0, 0, 1, 10], "texture": "#2"},
				"up": {"uv": [0, 0, 1, 1], "texture": "#2"},
				"down": {"uv": [0, 0, 1, 1], "texture": "#2"}
			}
		},
		{
			"from": [-14, 12, 9],
			"to": [-5, 22, 9.5],
			"faces": {
				"south": {"uv": [0, 0, 16, 16], "texture": "#1"}
			}
		},
		{
			"from": [21, 12, 9],
			"to": [30, 22, 9.5],
			"rotation": {"angle": 22.5, "axis": "y", "origin": [30.60833, 16.66667, 9.6]},
			"faces": {
				"south": {"uv": [0, 0, 16, 16], "texture": "#1"}
			}
		},
		{
			"from": [-3, 11, 9],
			"to": [8, 12, 10],
			"faces": {
				"north": {"uv": [0, 0, 11, 1], "texture": "#2"},
				"east": {"uv": [0, 0, 1, 1], "texture": "#2"},
				"south": {"uv": [0, 0, 11, 1], "texture": "#2"},
				"west": {"uv": [0, 0, 1, 1], "texture": "#2"},
				"up": {"uv": [0, 0, 11, 1], "texture": "#2"},
				"down": {"uv": [0, 0, 11, 1], "texture": "#2"}
			}
		},
		{
			"from": [8, 11, 9],
			"to": [19, 12, 10],
			"faces": {
				"north": {"uv": [0, 0, 11, 1], "texture": "#2"},
				"east": {"uv": [0, 0, 1, 1], "texture": "#2"},
				"south": {"uv": [0, 0, 11, 1], "texture": "#2"},
				"west": {"uv": [0, 0, 1, 1], "texture": "#2"},
				"up": {"uv": [0, 0, 11, 1], "texture": "#2"},
				"down": {"uv": [0, 0, 11, 1], "texture": "#2"}
			}
		},
		{
			"from": [8, 22, 9],
			"to": [19, 23, 10],
			"faces": {
				"north": {"uv": [0, 0, 11, 1], "texture": "#2"},
				"east": {"uv": [0, 0, 1, 1], "texture": "#2"},
				"south": {"uv": [0, 0, 11, 1], "texture": "#2"},
				"west": {"uv": [0, 0, 1, 1], "texture": "#2"},
				"up": {"uv": [0, 0, 11, 1], "texture": "#2"},
				"down": {"uv": [0, 0, 11, 1], "texture": "#2"}
			}
		},
		{
			"from": [-3, 22, 9],
			"to": [8, 23, 10],
			"faces": {
				"north": {"uv": [0, 0, 11, 1], "texture": "#2"},
				"east": {"uv": [0, 0, 1, 1], "texture": "#2"},
				"south": {"uv": [0, 0, 11, 1], "texture": "#2"},
				"west": {"uv": [0, 0, 1, 1], "texture": "#2"},
				"up": {"uv": [0, 0, 11, 1], "texture": "#2"},
				"down": {"uv": [0, 0, 11, 1], "texture": "#2"}
			}
		},
		{
			"from": [-3, 12, 9],
			"to": [-2, 22, 10],
			"faces": {
				"north": {"uv": [0, 0, 1, 10], "texture": "#2"},
				"east": {"uv": [0, 0, 1, 10], "texture": "#2"},
				"south": {"uv": [0, 0, 1, 10], "texture": "#2"},
				"west": {"uv": [0, 0, 1, 10], "texture": "#2"},
				"up": {"uv": [0, 0, 1, 1], "texture": "#2"},
				"down": {"uv": [0, 0, 1, 1], "texture": "#2"}
			}
		},
		{
			"from": [18, 12, 9],
			"to": [19, 22, 10],
			"faces": {
				"north": {"uv": [0, 0, 1, 10], "texture": "#2"},
				"east": {"uv": [0, 0, 1, 10], "texture": "#2"},
				"south": {"uv": [0, 0, 1, 10], "texture": "#2"},
				"west": {"uv": [0, 0, 1, 10], "texture": "#2"},
				"up": {"uv": [0, 0, 1, 1], "texture": "#2"},
				"down": {"uv": [0, 0, 1, 1], "texture": "#2"}
			}
		},
		{
			"from": [8, 12, 9],
			"to": [9, 22, 10],
			"faces": {
				"north": {"uv": [0, 0, 1, 10], "texture": "#2"},
				"east": {"uv": [0, 0, 1, 10], "texture": "#2"},
				"south": {"uv": [0, 0, 1, 10], "texture": "#2"},
				"west": {"uv": [0, 0, 1, 10], "texture": "#2"},
				"up": {"uv": [0, 0, 1, 1], "texture": "#2"},
				"down": {"uv": [0, 0, 1, 1], "texture": "#2"}
			}
		},
		{
			"from": [7, 12, 9],
			"to": [8, 22, 10],
			"faces": {
				"north": {"uv": [0, 0, 1, 10], "texture": "#2"},
				"east": {"uv": [0, 0, 1, 10], "texture": "#2"},
				"south": {"uv": [0, 0, 1, 10], "texture": "#2"},
				"west": {"uv": [0, 0, 1, 10], "texture": "#2"},
				"up": {"uv": [0, 0, 1, 1], "texture": "#2"},
				"down": {"uv": [0, 0, 1, 1], "texture": "#2"}
			}
		},
		{
			"from": [-2, 12, 9],
			"to": [7, 22, 9.5],
			"faces": {
				"south": {"uv": [0, 0, 16, 16], "texture": "#2"}
			}
		},
		{
			"from": [9, 12, 9],
			"to": [18, 22, 9.5],
			"faces": {
				"south": {"uv": [0, 0, 16, 16], "texture": "#2"}
			}
		},
		{
			"from": [7, 14, 10],
			"to": [7.3, 16, 10.7],
			"faces": {
				"north": {"uv": [0, 0, 0.3, 2], "texture": "#3"},
				"east": {"uv": [0, 0, 0.7, 2], "texture": "#3"},
				"south": {"uv": [0, 0, 0.3, 2], "texture": "#3"},
				"west": {"uv": [0, 0, 0.7, 2], "texture": "#3"},
				"up": {"uv": [0, 0, 0.3, 0.7], "texture": "#3"},
				"down": {"uv": [0, 0, 0.3, 0.7], "texture": "#3"}
			}
		},
		{
			"from": [20, 14, 10],
			"to": [20.3, 16, 10.7],
			"rotation": {"angle": 22.5, "axis": "y", "origin": [30.60833, 16.66667, 9.6]},
			"faces": {
				"north": {"uv": [0, 0, 0.3, 2], "texture": "#3"},
				"east": {"uv": [0, 0, 0.7, 2], "texture": "#3"},
				"south": {"uv": [0, 0, 0.3, 2], "texture": "#3"},
				"west": {"uv": [0, 0, 0.7, 2], "texture": "#3"},
				"up": {"uv": [0, 0, 0.3, 0.7], "texture": "#3"},
				"down": {"uv": [0, 0, 0.3, 0.7], "texture": "#3"}
			}
		},
		{
			"from": [8.7, 14, 10],
			"to": [9, 16, 10.7],
			"faces": {
				"north": {"uv": [0, 0, 0.3, 2], "texture": "#3"},
				"east": {"uv": [0, 0, 0.7, 2], "texture": "#3"},
				"south": {"uv": [0, 0, 0.3, 2], "texture": "#3"},
				"west": {"uv": [0, 0, 0.7, 2], "texture": "#3"},
				"up": {"uv": [0, 0, 0.3, 0.7], "texture": "#3"},
				"down": {"uv": [0, 0, 0.3, 0.7], "texture": "#3"}
			}
		},
		{
			"from": [-4.3, 14, 10],
			"to": [-4, 16, 10.7],
			"faces": {
				"north": {"uv": [0, 0, 0.3, 2], "texture": "#3"},
				"east": {"uv": [0, 0, 0.7, 2], "texture": "#3"},
				"south": {"uv": [0, 0, 0.3, 2], "texture": "#3"},
				"west": {"uv": [0, 0, 0.7, 2], "texture": "#3"},
				"up": {"uv": [0, 0, 0.3, 0.7], "texture": "#3"},
				"down": {"uv": [0, 0, 0.3, 0.7], "texture": "#3"}
			}
		},
		{
			"from": [-15, -14, 19],
			"to": [31, -13, 20],
			"faces": {
				"north": {"uv": [0, 0, 16, 1], "texture": "#2"},
				"east": {"uv": [0, 0, 1, 1], "texture": "#2"},
				"south": {"uv": [0, 0, 16, 1], "texture": "#2"},
				"west": {"uv": [0, 0, 1, 1], "texture": "#2"},
				"up": {"uv": [0, 0, 16, 1], "texture": "#2"},
				"down": {"uv": [0, 0, 16, 1], "texture": "#2"}
			}
		},
		{
			"from": [-15, 0, 19],
			"to": [31, 1, 20],
			"faces": {
				"north": {"uv": [0, 0, 16, 1], "texture": "#2"},
				"east": {"uv": [0, 0, 1, 1], "texture": "#2"},
				"south": {"uv": [0, 0, 16, 1], "texture": "#2"},
				"west": {"uv": [0, 0, 1, 1], "texture": "#2"},
				"up": {"uv": [0, 0, 16, 1], "texture": "#2"},
				"down": {"uv": [0, 0, 16, 1], "texture": "#2"}
			}
		},
		{
			"from": [-15, -13, 19],
			"to": [-14, 0, 20],
			"faces": {
				"north": {"uv": [0, 0, 1, 13], "texture": "#2"},
				"east": {"uv": [0, 0, 1, 13], "texture": "#2"},
				"south": {"uv": [0, 0, 1, 13], "texture": "#2"},
				"west": {"uv": [0, 0, 1, 13], "texture": "#2"},
				"up": {"uv": [0, 0, 1, 1], "texture": "#2"},
				"down": {"uv": [0, 0, 1, 1], "texture": "#2"}
			}
		},
		{
			"from": [30, -13, 19],
			"to": [31, 0, 20],
			"faces": {
				"north": {"uv": [0, 0, 1, 13], "texture": "#2"},
				"east": {"uv": [0, 0, 1, 13], "texture": "#2"},
				"south": {"uv": [0, 0, 1, 13], "texture": "#2"},
				"west": {"uv": [0, 0, 1, 13], "texture": "#2"},
				"up": {"uv": [0, 0, 1, 1], "texture": "#2"},
				"down": {"uv": [0, 0, 1, 1], "texture": "#2"}
			}
		},
		{
			"from": [8, -13, 19],
			"to": [9, 0, 20],
			"faces": {
				"north": {"uv": [0, 0, 1, 13], "texture": "#2"},
				"east": {"uv": [0, 0, 1, 13], "texture": "#2"},
				"south": {"uv": [0, 0, 1, 13], "texture": "#2"},
				"west": {"uv": [0, 0, 1, 13], "texture": "#2"},
				"up": {"uv": [0, 0, 1, 1], "texture": "#2"},
				"down": {"uv": [0, 0, 1, 1], "texture": "#2"}
			}
		},
		{
			"from": [7, -13, 19],
			"to": [8, 0, 20],
			"faces": {
				"north": {"uv": [0, 0, 1, 13], "texture": "#2"},
				"east": {"uv": [0, 0, 1, 13], "texture": "#2"},
				"south": {"uv": [0, 0, 1, 13], "texture": "#2"},
				"west": {"uv": [0, 0, 1, 13], "texture": "#2"},
				"up": {"uv": [0, 0, 1, 1], "texture": "#2"},
				"down": {"uv": [0, 0, 1, 1], "texture": "#2"}
			}
		},
		{
			"from": [7, -3, 20],
			"to": [7.3, -1, 20.7],
			"faces": {
				"north": {"uv": [0, 0, 0.3, 2], "texture": "#3"},
				"east": {"uv": [0, 0, 0.7, 2], "texture": "#3"},
				"south": {"uv": [0, 0, 0.3, 2], "texture": "#3"},
				"west": {"uv": [0, 0, 0.7, 2], "texture": "#3"},
				"up": {"uv": [0, 0, 0.3, 0.7], "texture": "#3"},
				"down": {"uv": [0, 0, 0.3, 0.7], "texture": "#3"}
			}
		},
		{
			"from": [8.7, -3, 20],
			"to": [9, -1, 20.7],
			"faces": {
				"north": {"uv": [0, 0, 0.3, 2], "texture": "#3"},
				"east": {"uv": [0, 0, 0.7, 2], "texture": "#3"},
				"south": {"uv": [0, 0, 0.3, 2], "texture": "#3"},
				"west": {"uv": [0, 0, 0.7, 2], "texture": "#3"},
				"up": {"uv": [0, 0, 0.3, 0.7], "texture": "#3"},
				"down": {"uv": [0, 0, 0.3, 0.7], "texture": "#3"}
			}
		},
		{
			"from": [-14, -13, 19],
			"to": [7, 0, 19.5],
			"faces": {
				"north": {"uv": [0, 0, 9, 10], "texture": "#missing"},
				"east": {"uv": [0, 0, 0.5, 10], "texture": "#missing"},
				"south": {"uv": [0, 0, 16, 16], "texture": "#2"},
				"west": {"uv": [0, 0, 0.5, 10], "texture": "#missing"},
				"up": {"uv": [0, 0, 9, 0.5], "texture": "#missing"},
				"down": {"uv": [0, 0, 9, 0.5], "texture": "#missing"}
			}
		},
		{
			"from": [25, 13, 2.5],
			"to": [30, 13.2, 7.5],
			"rotation": {"angle": 22.5, "axis": "y", "origin": [27.5, 13.98, 6]},
			"faces": {
				"north": {"uv": [0, 0, 5, 0.2], "texture": "#1_0"},
				"east": {"uv": [0, 0, 5, 0.2], "texture": "#1_0"},
				"south": {"uv": [0, 0, 5, 0.2], "texture": "#1_0"},
				"west": {"uv": [0, 0, 5, 0.2], "texture": "#1_0"},
				"up": {"uv": [0, 0, 5, 5], "texture": "#1_0"},
				"down": {"uv": [0, 0, 5, 5], "texture": "#1_0"}
			}
		},
		{
			"from": [25, 13.2, 2.5],
			"to": [25.2, 15.2, 7.5],
			"rotation": {"angle": 22.5, "axis": "y", "origin": [27.5, 13.98, 6]},
			"faces": {
				"north": {"uv": [0, 0, 0.2, 2], "texture": "#1_0"},
				"east": {"uv": [0, 0, 5, 2], "texture": "#1_0"},
				"south": {"uv": [0, 0, 0.2, 2], "texture": "#1_0"},
				"west": {"uv": [0, 0, 5, 2], "texture": "#1_0"},
				"up": {"uv": [0, 0, 0.2, 5], "texture": "#1_0"},
				"down": {"uv": [0, 0, 0.2, 5], "texture": "#1_0"}
			}
		},
		{
			"from": [29.8, 13.2, 2.5],
			"to": [30, 15.2, 7.5],
			"rotation": {"angle": 22.5, "axis": "y", "origin": [27.5, 13.98, 6]},
			"faces": {
				"north": {"uv": [0, 0, 0.2, 2], "texture": "#1_0"},
				"east": {"uv": [0, 0, 5, 2], "texture": "#1_0"},
				"south": {"uv": [0, 0, 0.2, 2], "texture": "#1_0"},
				"west": {"uv": [0, 0, 5, 2], "texture": "#1_0"},
				"up": {"uv": [0, 0, 0.2, 5], "texture": "#1_0"},
				"down": {"uv": [0, 0, 0.2, 5], "texture": "#1_0"}
			}
		},
		{
			"from": [25.2, 13.2, 7.3],
			"to": [29.8, 15.2, 7.5],
			"rotation": {"angle": 22.5, "axis": "y", "origin": [27.5, 13.98, 6]},
			"faces": {
				"north": {"uv": [0, 0, 4.6, 2], "texture": "#1_0"},
				"east": {"uv": [0, 0, 0.2, 2], "texture": "#1_0"},
				"south": {"uv": [0, 0, 4.6, 2], "texture": "#1_0"},
				"west": {"uv": [0, 0, 0.2, 2], "texture": "#1_0"},
				"up": {"uv": [0, 0, 4.6, 0.2], "texture": "#1_0"},
				"down": {"uv": [0, 0, 4.6, 0.2], "texture": "#1_0"}
			}
		},
		{
			"from": [25.2, 13.2, 2.5],
			"to": [29.8, 15.2, 2.7],
			"rotation": {"angle": 22.5, "axis": "y", "origin": [27.5, 13.98, 6]},
			"faces": {
				"north": {"uv": [0, 0, 4.6, 2], "texture": "#1_0"},
				"east": {"uv": [0, 0, 0.2, 2], "texture": "#1_0"},
				"south": {"uv": [0, 0, 4.6, 2], "texture": "#1_0"},
				"west": {"uv": [0, 0, 0.2, 2], "texture": "#1_0"},
				"up": {"uv": [0, 0, 4.6, 0.2], "texture": "#1_0"},
				"down": {"uv": [0, 0, 4.6, 0.2], "texture": "#1_0"}
			}
		},
		{
			"from": [25, 11, 3.5],
			"to": [30, 11.2, 8.5],
			"faces": {
				"north": {"uv": [0, 0, 5, 0.2], "texture": "#1_0"},
				"east": {"uv": [0, 0, 5, 0.2], "texture": "#1_0"},
				"south": {"uv": [0, 0, 5, 0.2], "texture": "#1_0"},
				"west": {"uv": [0, 0, 5, 0.2], "texture": "#1_0"},
				"up": {"uv": [0, 0, 5, 5], "texture": "#1_0"},
				"down": {"uv": [0, 0, 5, 5], "texture": "#1_0"}
			}
		},
		{
			"from": [25, 11.2, 3.5],
			"to": [25.2, 13.2, 8.5],
			"faces": {
				"north": {"uv": [0, 0, 0.2, 2], "texture": "#1_0"},
				"east": {"uv": [0, 0, 5, 2], "texture": "#1_0"},
				"south": {"uv": [0, 0, 0.2, 2], "texture": "#1_0"},
				"west": {"uv": [0, 0, 5, 2], "texture": "#1_0"},
				"up": {"uv": [0, 0, 0.2, 5], "texture": "#1_0"},
				"down": {"uv": [0, 0, 0.2, 5], "texture": "#1_0"}
			}
		},
		{
			"from": [29.8, 11.2, 3.5],
			"to": [30, 13.2, 8.5],
			"faces": {
				"north": {"uv": [0, 0, 0.2, 2], "texture": "#1_0"},
				"east": {"uv": [0, 0, 5, 2], "texture": "#1_0"},
				"south": {"uv": [0, 0, 0.2, 2], "texture": "#1_0"},
				"west": {"uv": [0, 0, 5, 2], "texture": "#1_0"},
				"up": {"uv": [0, 0, 0.2, 5], "texture": "#1_0"},
				"down": {"uv": [0, 0, 0.2, 5], "texture": "#1_0"}
			}
		},
		{
			"from": [25.2, 11.2, 8.3],
			"to": [29.8, 13.2, 8.5],
			"faces": {
				"north": {"uv": [0, 0, 4.6, 2], "texture": "#1_0"},
				"east": {"uv": [0, 0, 0.2, 2], "texture": "#1_0"},
				"south": {"uv": [0, 0, 4.6, 2], "texture": "#1_0"},
				"west": {"uv": [0, 0, 0.2, 2], "texture": "#1_0"},
				"up": {"uv": [0, 0, 4.6, 0.2], "texture": "#1_0"},
				"down": {"uv": [0, 0, 4.6, 0.2], "texture": "#1_0"}
			}
		},
		{
			"from": [25.2, 11.2, 3.5],
			"to": [29.8, 13.2, 3.7],
			"faces": {
				"north": {"uv": [0, 0, 4.6, 2], "texture": "#1_0"},
				"east": {"uv": [0, 0, 0.2, 2], "texture": "#1_0"},
				"south": {"uv": [0, 0, 4.6, 2], "texture": "#1_0"},
				"west": {"uv": [0, 0, 0.2, 2], "texture": "#1_0"},
				"up": {"uv": [0, 0, 4.6, 0.2], "texture": "#1_0"},
				"down": {"uv": [0, 0, 4.6, 0.2], "texture": "#1_0"}
			}
		},
		{
			"from": [-11, 2, 7],
			"to": [-10, 2.1, 8],
			"color": 5,
			"faces": {
				"north": {"uv": [0, 0, 1, 0.1], "texture": "#missing"},
				"east": {"uv": [0, 0, 1, 0.1], "texture": "#missing"},
				"south": {"uv": [0, 0, 1, 0.1], "texture": "#missing"},
				"west": {"uv": [0, 0, 1, 0.1], "texture": "#missing"},
				"up": {"uv": [0, 0, 1, 1], "texture": "#missing"},
				"down": {"uv": [0, 0, 1, 1], "texture": "#missing"}
			}
		},
		{
			"from": [-11, 2.1, 7],
			"to": [-10, 5.1, 8],
			"faces": {
				"north": {"uv": [1, 1, 15, 15], "texture": "#1"},
				"east": {"uv": [1, 1, 15, 15], "texture": "#1"},
				"south": {"uv": [1, 1, 15, 15], "texture": "#1"},
				"west": {"uv": [1, 1, 15, 15], "texture": "#1"},
				"up": {"uv": [0, 0, 1, 1], "texture": "#1"},
				"down": {"uv": [3, 5, 4, 6], "texture": "#1"}
			}
		},
		{
			"from": [-11, 5.1, 7],
			"to": [-10, 5.3, 8],
			"faces": {
				"north": {"uv": [0, 0, 1, 0.2], "texture": "#5"},
				"east": {"uv": [0, 0, 1, 0.2], "texture": "#5"},
				"south": {"uv": [0, 0, 1, 0.2], "texture": "#5"},
				"west": {"uv": [0, 0, 1, 0.2], "texture": "#5"},
				"up": {"uv": [0, 0, 16, 16], "texture": "#5"},
				"down": {"uv": [0, 0, 16, 16], "texture": "#5"}
			}
		}
	],
	"display": {
		"thirdperson_righthand": {
			"rotation": [90, 0, 0],
			"translation": [-6, -3, 12]
		}
	},
	"groups": [
		{
			"name": "group",
			"children": [0, 1, 2, 3, 4, 5, 6, 7, 8, 9, 10, 11, 12, 13, 14, 15, 16, 17, 18, 19, 20, 21, 22, 23, 24, 25, 26, 27, 28, 29, 30, 31, 32, 33, 34]
		},
		{
			"name": "group",
			"children": [35, 36, 37, 38, 39, 40, 41, 42, 43, 44, 45, 46, 47, 48, 49, 50, 51, 52, 53, 54, 55, 56, 57, 58, 59, 60, 61, 62, 63, 64, 65, 66, 67, 68]
		},
		{
			"name": "kitchen_utensils01",
			"children": [69, 70, 71, 72, 73]
		},
		{
			"name": "kitchen_utensils2",
			"children": [74, 75, 76, 77, 78, 79, 80, 81]
		}
	]
}