{
	"credit": "By Aillyaes",
	"textures": {
		"0": "block/birch_log_top",
		"1": "block/birch_planks",
		"2": "block/logo/logo02",
		"particle": "block/birch_log_top"
	},
	"elements": [
		{
			"from": [-5, 0, 0],
			"to": [21, 1, 1],
			"faces": {
				"north": {"uv": [0, 0, 16, 1], "texture": "#0"},
				"east": {"uv": [0, 0, 1, 1], "texture": "#0"},
				"south": {"uv": [0, 0, 16, 1], "texture": "#0"},
				"west": {"uv": [0, 0, 1, 1], "texture": "#0"},
				"up": {"uv": [0, 0, 16, 1], "texture": "#0"},
				"down": {"uv": [0, 0, 16, 1], "texture": "#0"}
			}
		},
		{
			"from": [-5, 1, 0],
			"to": [-4, 14.5, 1],
			"faces": {
				"north": {"uv": [0, 0, 1, 13.5], "texture": "#0"},
				"east": {"uv": [0, 0, 1, 13.5], "texture": "#0"},
				"south": {"uv": [0, 0, 1, 13.5], "texture": "#0"},
				"west": {"uv": [0, 0, 1, 13.5], "texture": "#0"},
				"up": {"uv": [0, 0, 1, 1], "texture": "#0"},
				"down": {"uv": [0, 0, 1, 1], "texture": "#0"}
			}
		},
		{
			"from": [20, 1, 0],
			"to": [21, 14.5, 1],
			"faces": {
				"north": {"uv": [0, 0, 1, 13.5], "texture": "#0"},
				"east": {"uv": [0, 0, 1, 13.5], "texture": "#0"},
				"south": {"uv": [0, 0, 1, 13.5], "texture": "#0"},
				"west": {"uv": [0, 0, 1, 13.5], "texture": "#0"},
				"up": {"uv": [0, 0, 1, 1], "texture": "#0"},
				"down": {"uv": [0, 0, 1, 1], "texture": "#0"}
			}
		},
		{
			"from": [-5, 14.5, 0],
			"to": [21, 15.5, 1],
			"faces": {
				"north": {"uv": [0, 0, 16, 1], "texture": "#0"},
				"east": {"uv": [0, 0, 1, 1], "texture": "#0"},
				"south": {"uv": [0, 0, 16, 1], "texture": "#0"},
				"west": {"uv": [0, 0, 1, 1], "texture": "#0"},
				"up": {"uv": [0, 0, 16, 1], "texture": "#0"},
				"down": {"uv": [0, 0, 16, 1], "texture": "#0"}
			}
		},
		{
			"from": [-4, 1, 0],
			"to": [20, 14.5, 0.5],
			"faces": {
				"north": {"uv": [0, 0, 16, 13.5], "texture": "#1"},
				"east": {"uv": [0, 0, 0.5, 13.5], "texture": "#1"},
				"south": {"uv": [0, 0, 16, 15.98125], "texture": "#2"},
				"west": {"uv": [0, 0, 0.5, 13.5], "texture": "#1"},
				"up": {"uv": [0, 0, 16, 0.5], "texture": "#1"},
				"down": {"uv": [0, 0, 16, 0.5], "texture": "#1"}
			}
		}
	],
	"display": {
		"thirdperson_righthand": {
			"rotation": [90, 0, 0],
			"translation": [-6, -2, 0]
		}
	}
}