{
	"credit": "By Aillyaes",
	"textures": {
		"0": "block/acacia_planks",
		"1": "block/orange_concrete_powder",
		"2": "block/mushroom_stem",
		"particle": "block/acacia_planks"
	},
	"elements": [
		{
			"from": [6, 0, 5],
			"to": [11, 0.25, 10],
			"faces": {
				"north": {"uv": [0, 0, 5, 0.25], "texture": "#0"},
				"east": {"uv": [0, 0, 5, 0.25], "texture": "#0"},
				"south": {"uv": [0, 0, 5, 0.25], "texture": "#0"},
				"west": {"uv": [0, 0, 5, 0.25], "texture": "#0"},
				"up": {"uv": [0, 0, 5, 5], "texture": "#0"},
				"down": {"uv": [0, 0, 5, 5], "texture": "#0"}
			}
		},
		{
			"from": [6, 0.25, 5],
			"to": [6.25, 2.25, 10],
			"faces": {
				"north": {"uv": [0, 0, 0.25, 2], "texture": "#0"},
				"east": {"uv": [0, 0, 5, 2], "texture": "#0"},
				"south": {"uv": [0, 0, 0.25, 2], "texture": "#0"},
				"west": {"uv": [0, 0, 5, 2], "texture": "#0"},
				"up": {"uv": [0, 0, 0.25, 5], "texture": "#0"},
				"down": {"uv": [0, 0, 0.25, 5], "texture": "#0"}
			}
		},
		{
			"from": [10.75, 0.25, 5],
			"to": [11, 2.25, 10],
			"faces": {
				"north": {"uv": [0, 0, 0.25, 2], "texture": "#0"},
				"east": {"uv": [0, 0, 5, 2], "texture": "#0"},
				"south": {"uv": [0, 0, 0.25, 2], "texture": "#0"},
				"west": {"uv": [0, 0, 5, 2], "texture": "#0"},
				"up": {"uv": [0, 0, 0.25, 5], "texture": "#0"},
				"down": {"uv": [0, 0, 0.25, 5], "texture": "#0"}
			}
		},
		{
			"from": [6.25, 0.25, 5],
			"to": [10.75, 2.25, 5.25],
			"faces": {
				"north": {"uv": [0, 0, 4.5, 2], "texture": "#0"},
				"east": {"uv": [0, 0, 0.25, 2], "texture": "#0"},
				"south": {"uv": [0, 0, 4.5, 2], "texture": "#0"},
				"west": {"uv": [0, 0, 0.25, 2], "texture": "#0"},
				"up": {"uv": [0, 0, 4.5, 0.25], "texture": "#0"},
				"down": {"uv": [0, 0, 4.5, 0.25], "texture": "#0"}
			}
		},
		{
			"from": [6.25, 0.25, 9.75],
			"to": [10.75, 2.25, 10],
			"faces": {
				"north": {"uv": [0, 0, 4.5, 2], "texture": "#0"},
				"east": {"uv": [0, 0, 0.25, 2], "texture": "#0"},
				"south": {"uv": [0, 0, 4.5, 2], "texture": "#0"},
				"west": {"uv": [0, 0, 0.25, 2], "texture": "#0"},
				"up": {"uv": [0, 0, 4.5, 0.25], "texture": "#0"},
				"down": {"uv": [0, 0, 4.5, 0.25], "texture": "#0"}
			}
		},
		{
			"from": [7, 2.25, 3.75],
			"to": [7.25, 2.5, 12.75],
			"faces": {
				"north": {"uv": [0, 0, 0.25, 0.25], "texture": "#2"},
				"east": {"uv": [0, 0, 9, 0.25], "texture": "#2"},
				"south": {"uv": [0, 0, 0.25, 0.25], "texture": "#2"},
				"west": {"uv": [0, 0, 9, 0.25], "texture": "#2"},
				"up": {"uv": [0, 0, 0.25, 9], "texture": "#2"},
				"down": {"uv": [0, 0, 0.25, 9], "texture": "#2"}
			}
		},
		{
			"from": [8, 2.25, 3.75],
			"to": [8.25, 2.5, 12.75],
			"faces": {
				"north": {"uv": [0, 0, 0.25, 0.25], "texture": "#2"},
				"east": {"uv": [0, 0, 9, 0.25], "texture": "#2"},
				"south": {"uv": [0, 0, 0.25, 0.25], "texture": "#2"},
				"west": {"uv": [0, 0, 9, 0.25], "texture": "#2"},
				"up": {"uv": [0, 0, 0.25, 9], "texture": "#2"},
				"down": {"uv": [0, 0, 0.25, 9], "texture": "#2"}
			}
		},
		{
			"from": [6.25, 0.25, 5.25],
			"to": [10.75, 1.25, 9.75],
			"faces": {
				"north": {"uv": [0, 0, 4.5, 1], "texture": "#missing"},
				"east": {"uv": [0, 0, 4.5, 1], "texture": "#missing"},
				"south": {"uv": [0, 0, 4.5, 1], "texture": "#missing"},
				"west": {"uv": [0, 0, 4.5, 1], "texture": "#missing"},
				"up": {"uv": [0, 0, 15.5, 15.5], "texture": "#1"},
				"down": {"uv": [0, 0, 4.5, 4.5], "texture": "#missing"}
			}
		}
	],
	"display": {
		"thirdperson_righthand": {
			"rotation": [90, 0, 0],
			"translation": [-0.5, 1.75, 7]
		},
		"thirdperson_lefthand": {
			"rotation": [90, 0, 0],
			"translation": [0.5, 1.75, 7]
		},
		"firstperson_righthand": {
			"translation": [0, 6, 0]
		},
		"firstperson_lefthand": {
			"translation": [0, 6, 0]
		},
		"ground": {
			"translation": [0, 4, 0]
		},
		"gui": {
			"rotation": [20, 20, 0],
			"translation": [0, 12, 0],
			"scale": [2, 2, 2]
		}
	}
}