{
	"credit": "By Aillyaes",
	"textures": {
		"0": "block/acacia_planks",
		"1": "block/orange_concrete_powder",
		"2": "block/mushroom_stem",
		"particle": "block/acacia_planks"
	},
	"elements": [
		{
			"from": [6, 0, 5],
			"to": [11, 0.25, 10],
			"faces": {
				"north": {"uv": [0, 0, 5, 0.25], "texture": "#0"},
				"east": {"uv": [0, 0, 5, 0.25], "texture": "#0"},
				"south": {"uv": [0, 0, 5, 0.25], "texture": "#0"},
				"west": {"uv": [0, 0, 5, 0.25], "texture": "#0"},
				"up": {"uv": [0, 0, 5, 5], "texture": "#0"},
				"down": {"uv": [0, 0, 5, 5], "texture": "#0"}
			}
		},
		{
			"from": [6, 0.25, 5],
			"to": [6.25, 2.25, 10],
			"faces": {
				"north": {"uv": [0, 0, 0.25, 2], "texture": "#0"},
				"east": {"uv": [0, 0, 5, 2], "texture": "#0"},
				"south": {"uv": [0, 0, 0.25, 2], "texture": "#0"},
				"west": {"uv": [0, 0, 5, 2], "texture": "#0"},
				"up": {"uv": [0, 0, 0.25, 5], "texture": "#0"},
				"down": {"uv": [0, 0, 0.25, 5], "texture": "#0"}
			}
		},
		{
			"from": [10.75, 0.25, 5],
			"to": [11, 2.25, 10],
			"faces": {
				"north": {"uv": [0, 0, 0.25, 2], "texture": "#0"},
				"east": {"uv": [0, 0, 5, 2], "texture": "#0"},
				"south": {"uv": [0, 0, 0.25, 2], "texture": "#0"},
				"west": {"uv": [0, 0, 5, 2], "texture": "#0"},
				"up": {"uv": [0, 0, 0.25, 5], "texture": "#0"},
				"down": {"uv": [0, 0, 0.25, 5], "texture": "#0"}
			}
		},
		{
			"from": [6.25, 0.25, 5],
			"to": [10.75, 2.25, 5.25],
			"faces": {
				"north": {"uv": [0, 0, 4.5, 2], "texture": "#0"},
				"east": {"uv": [0, 0, 0.25, 2], "texture": "#0"},
				"south": {"uv": [0, 0, 4.5, 2], "texture": "#0"},
				"west": {"uv": [0, 0, 0.25, 2], "texture": "#0"},
				"up": {"uv": [0, 0, 4.5, 0.25], "texture": "#0"},
				"down": {"uv": [0, 0, 4.5, 0.25], "texture": "#0"}
			}
		},
		{
			"from": [6.25, 0.25, 9.75],
			"to": [10.75, 2.25, 10],
			"faces": {
				"north": {"uv": [0, 0, 4.5, 2], "texture": "#0"},
				"east": {"uv": [0, 0, 0.25, 2], "texture": "#0"},
				"south": {"uv": [0, 0, 4.5, 2], "texture": "#0"},
				"west": {"uv": [0, 0, 0.25, 2], "texture": "#0"},
				"up": {"uv": [0, 0, 4.5, 0.25], "texture": "#0"},
				"down": {"uv": [0, 0, 4.5, 0.25], "texture": "#0"}
			}
		},
		{
			"from": [9, 2.25, 4.75],
			"to": [9.25, 2.5, 13.75],
			"rotation": {"angle": 22.5, "axis": "y", "origin": [6.125, 2.375, 8.25]},
			"faces": {
				"north": {"uv": [0, 0, 0.25, 0.25], "texture": "#2"},
				"east": {"uv": [0, 0, 9, 0.25], "texture": "#2"},
				"south": {"uv": [0, 0, 0.25, 0.25], "texture": "#2"},
				"west": {"uv": [0, 0, 9, 0.25], "texture": "#2"},
				"up": {"uv": [0, 0, 0.25, 9], "texture": "#2"},
				"down": {"uv": [0, 0, 0.25, 9], "texture": "#2"}
			}
		},
		{
			"from": [10, 2.25, 3.75],
			"to": [10.25, 2.5, 12.75],
			"rotation": {"angle": 22.5, "axis": "y", "origin": [10.125, 2.375, 8.25]},
			"faces": {
				"north": {"uv": [0, 0, 0.25, 0.25], "texture": "#2"},
				"east": {"uv": [0, 0, 9, 0.25], "texture": "#2"},
				"south": {"uv": [0, 0, 0.25, 0.25], "texture": "#2"},
				"west": {"uv": [0, 0, 9, 0.25], "texture": "#2"},
				"up": {"uv": [0, 0, 0.25, 9], "texture": "#2"},
				"down": {"uv": [0, 0, 0.25, 9], "texture": "#2"}
			}
		},
		{
			"from": [7, 0.25, 6],
			"to": [7.25, 0.5, 6.25],
			"faces": {
				"north": {"uv": [0, 0, 0.25, 0.25], "texture": "#1"},
				"east": {"uv": [0, 0, 0.25, 0.25], "texture": "#1"},
				"south": {"uv": [0, 0, 0.25, 0.25], "texture": "#1"},
				"west": {"uv": [0, 0, 0.25, 0.25], "texture": "#1"},
				"up": {"uv": [0, 0, 0.25, 0.25], "texture": "#1"},
				"down": {"uv": [0, 0, 0.25, 0.25], "texture": "#1"}
			}
		},
		{
			"from": [9, 0.25, 6],
			"to": [9.25, 0.5, 6.25],
			"rotation": {"angle": 22.5, "axis": "y", "origin": [9.125, 0.375, 6.125]},
			"faces": {
				"north": {"uv": [0, 0, 0.25, 0.25], "texture": "#1"},
				"east": {"uv": [0, 0, 0.25, 0.25], "texture": "#1"},
				"south": {"uv": [0, 0, 0.25, 0.25], "texture": "#1"},
				"west": {"uv": [0, 0, 0.25, 0.25], "texture": "#1"},
				"up": {"uv": [0, 0, 0.25, 0.25], "texture": "#1"},
				"down": {"uv": [0, 0, 0.25, 0.25], "texture": "#1"}
			}
		},
		{
			"from": [8, 0.25, 8],
			"to": [8.25, 0.5, 8.25],
			"faces": {
				"north": {"uv": [0, 0, 0.25, 0.25], "texture": "#1"},
				"east": {"uv": [0, 0, 0.25, 0.25], "texture": "#1"},
				"south": {"uv": [0, 0, 0.25, 0.25], "texture": "#1"},
				"west": {"uv": [0, 0, 0.25, 0.25], "texture": "#1"},
				"up": {"uv": [0, 0, 0.25, 0.25], "texture": "#1"},
				"down": {"uv": [0, 0, 0.25, 0.25], "texture": "#1"}
			}
		},
		{
			"from": [6.25, 0.25, 8.25],
			"to": [6.5, 0.5, 8.5],
			"faces": {
				"north": {"uv": [0, 0, 0.25, 0.25], "texture": "#1"},
				"east": {"uv": [0, 0, 0.25, 0.25], "texture": "#1"},
				"south": {"uv": [0, 0, 0.25, 0.25], "texture": "#1"},
				"west": {"uv": [0, 0, 0.25, 0.25], "texture": "#1"},
				"up": {"uv": [0, 0, 0.25, 0.25], "texture": "#1"},
				"down": {"uv": [0, 0, 0.25, 0.25], "texture": "#1"}
			}
		},
		{
			"from": [10.5, 0.25, 7],
			"to": [10.75, 0.5, 7.25],
			"faces": {
				"north": {"uv": [0, 0, 0.25, 0.25], "texture": "#1"},
				"east": {"uv": [0, 0, 0.25, 0.25], "texture": "#1"},
				"south": {"uv": [0, 0, 0.25, 0.25], "texture": "#1"},
				"west": {"uv": [0, 0, 0.25, 0.25], "texture": "#1"},
				"up": {"uv": [0, 0, 0.25, 0.25], "texture": "#1"},
				"down": {"uv": [0, 0, 0.25, 0.25], "texture": "#1"}
			}
		}
	],
	"display": {
		"thirdperson_righthand": {
			"rotation": [90, 0, 0],
			"translation": [-6.5, -2.5, -4]
		},
		"thirdperson_lefthand": {
			"rotation": [90, 0, 0]
		}
	}
}