{
	"credit": "By Aillyaes",
	"textures": {
		"0": "block/blue_wool",
		"1": "block/yellow_wool",
		"2": "block/quartz_pillar",
		"particle": "block/blue_wool"
	},
	"elements": [
		{
			"from": [1, 18, -15],
			"to": [2, 19, 31],
			"faces": {
				"north": {"uv": [0, 0, 1, 1], "texture": "#2"},
				"east": {"uv": [0, 0, 16, 1], "texture": "#2"},
				"south": {"uv": [0, 0, 1, 1], "texture": "#2"},
				"west": {"uv": [0, 0, 16, 1], "texture": "#2"},
				"up": {"uv": [0, 0, 1, 16], "texture": "#2"},
				"down": {"uv": [0, 0, 1, 16], "texture": "#2"}
			}
		},
		{
			"from": [1.25, -12, -14.75],
			"to": [1.5, 17, -8],
			"faces": {
				"north": {"uv": [0, 0, 0.25, 16], "texture": "#0"},
				"east": {"uv": [0, 0, 6.75, 16], "texture": "#0"},
				"south": {"uv": [0, 0, 0.25, 16], "texture": "#0"},
				"west": {"uv": [0, 0, 6.75, 16], "texture": "#0"},
				"up": {"uv": [0, 0, 0.25, 6.75], "texture": "#0"},
				"down": {"uv": [0, 0, 0.25, 6.75], "texture": "#0"}
			}
		},
		{
			"from": [0.25, 18, 31],
			"to": [2, 19, 32],
			"faces": {
				"north": {"uv": [0, 0, 1.75, 1], "texture": "#2"},
				"east": {"uv": [0, 0, 1, 1], "texture": "#2"},
				"south": {"uv": [0, 0, 1.75, 1], "texture": "#2"},
				"west": {"uv": [0, 0, 1, 1], "texture": "#2"},
				"up": {"uv": [0, 0, 1.75, 1], "texture": "#2"},
				"down": {"uv": [0, 0, 1.75, 1], "texture": "#2"}
			}
		},
		{
			"from": [0.25, 18, -16],
			"to": [2, 19, -15],
			"faces": {
				"north": {"uv": [0, 0, 1.75, 1], "texture": "#2"},
				"east": {"uv": [0, 0, 1, 1], "texture": "#2"},
				"south": {"uv": [0, 0, 1.75, 1], "texture": "#2"},
				"west": {"uv": [0, 0, 1, 1], "texture": "#2"},
				"up": {"uv": [0, 0, 1.75, 1], "texture": "#2"},
				"down": {"uv": [0, 0, 1.75, 1], "texture": "#2"}
			}
		},
		{
			"from": [0, 17.75, 31],
			"to": [0.25, 19.25, 32],
			"faces": {
				"north": {"uv": [0, 0, 0.25, 1.5], "texture": "#2"},
				"east": {"uv": [0, 0, 1, 1.5], "texture": "#2"},
				"south": {"uv": [0, 0, 0.25, 1.5], "texture": "#2"},
				"west": {"uv": [0, 0, 1, 1.5], "texture": "#2"},
				"up": {"uv": [0, 0, 0.25, 1], "texture": "#2"},
				"down": {"uv": [0, 0, 0.25, 1], "texture": "#2"}
			}
		},
		{
			"from": [0, 17.75, -16],
			"to": [0.25, 19.25, -15],
			"faces": {
				"north": {"uv": [0, 0, 0.25, 1.5], "texture": "#2"},
				"east": {"uv": [0, 0, 1, 1.5], "texture": "#2"},
				"south": {"uv": [0, 0, 0.25, 1.5], "texture": "#2"},
				"west": {"uv": [0, 0, 1, 1.5], "texture": "#2"},
				"up": {"uv": [0, 0, 0.25, 1], "texture": "#2"},
				"down": {"uv": [0, 0, 0.25, 1], "texture": "#2"}
			}
		},
		{
			"from": [1.25, 17, -14.75],
			"to": [1.5, 18, -8],
			"faces": {
				"north": {"uv": [0, 0, 0.25, 1], "texture": "#1"},
				"east": {"uv": [0, 0, 6.75, 1], "texture": "#1"},
				"south": {"uv": [0, 0, 0.25, 1], "texture": "#1"},
				"west": {"uv": [0, 0, 6.75, 1], "texture": "#1"},
				"up": {"uv": [0, 0, 0.25, 6.75], "texture": "#1"},
				"down": {"uv": [0, 0, 0.25, 6.75], "texture": "#1"}
			}
		}
	],
	"display": {
		"thirdperson_righthand": {
			"rotation": [90, 0, 0],
			"translation": [-6, 0, 9.75]
		}
	}
}