{
	"credit": "By Aillyaes",
	"textures": {
		"0": "block/acacia_log",
		"1": "block/acacia_log_top",
		"2": "block/birch_planks",
		"particle": "block/acacia_log"
	},
	"elements": [
		{
			"from": [0.41667, 1, -2.91667],
			"to": [0.91667, 3, 11.08333],
			"rotation": {"angle": -22.5, "axis": "y", "origin": [0, 11.66667, 12.08333]},
			"faces": {
				"north": {"uv": [1, 1, 1.5, 3], "texture": "#1"},
				"east": {"uv": [0, 0, 14, 2], "texture": "#0"},
				"south": {"uv": [0, 0, 0.5, 2], "texture": "#0"},
				"west": {"uv": [0, 0, 14, 2], "texture": "#0"},
				"up": {"uv": [0, 0, 14, 0.5], "rotation": 270, "texture": "#0"},
				"down": {"uv": [0, 0, 14, 0.5], "rotation": 90, "texture": "#0"}
			}
		},
		{
			"from": [0.41667, 3.5, -2.91667],
			"to": [0.91667, 5.5, 11.08333],
			"rotation": {"angle": -22.5, "axis": "y", "origin": [0, 11.66667, 12.08333]},
			"faces": {
				"north": {"uv": [1, 1, 1.5, 3], "texture": "#1"},
				"east": {"uv": [0, 0, 14, 2], "texture": "#0"},
				"south": {"uv": [0, 0, 0.5, 2], "texture": "#0"},
				"west": {"uv": [0, 0, 14, 2], "texture": "#0"},
				"up": {"uv": [0, 0, 14, 0.5], "rotation": 270, "texture": "#0"},
				"down": {"uv": [0, 0, 14, 0.5], "rotation": 90, "texture": "#0"}
			}
		},
		{
			"from": [0.41667, 6, -2.91667],
			"to": [0.91667, 8, 11.08333],
			"rotation": {"angle": -22.5, "axis": "y", "origin": [0, 11.66667, 12.08333]},
			"faces": {
				"north": {"uv": [1, 1, 1.5, 3], "texture": "#1"},
				"east": {"uv": [0, 0, 14, 2], "texture": "#0"},
				"south": {"uv": [0, 0, 0.5, 2], "texture": "#0"},
				"west": {"uv": [0, 0, 14, 2], "texture": "#0"},
				"up": {"uv": [0, 0, 14, 0.5], "rotation": 270, "texture": "#0"},
				"down": {"uv": [0, 0, 14, 0.5], "rotation": 90, "texture": "#0"}
			}
		},
		{
			"from": [0.41667, 8.5, -2.91667],
			"to": [0.91667, 10.5, 11.08333],
			"rotation": {"angle": -22.5, "axis": "y", "origin": [0, 11.66667, 12.08333]},
			"faces": {
				"north": {"uv": [1, 1, 1.5, 3], "texture": "#1"},
				"east": {"uv": [0, 0, 14, 2], "texture": "#0"},
				"south": {"uv": [0, 0, 0.5, 2], "texture": "#0"},
				"west": {"uv": [0, 0, 14, 2], "texture": "#0"},
				"up": {"uv": [0, 0, 14, 0.5], "rotation": 270, "texture": "#0"},
				"down": {"uv": [0, 0, 14, 0.5], "rotation": 90, "texture": "#0"}
			}
		},
		{
			"from": [0.41667, 11, -2.91667],
			"to": [0.91667, 13, 11.08333],
			"rotation": {"angle": -22.5, "axis": "y", "origin": [0, 11.66667, 12.08333]},
			"faces": {
				"north": {"uv": [1, 1, 1.5, 3], "texture": "#1"},
				"east": {"uv": [0, 0, 14, 2], "texture": "#0"},
				"south": {"uv": [0, 0, 0.5, 2], "texture": "#0"},
				"west": {"uv": [0, 0, 14, 2], "texture": "#0"},
				"up": {"uv": [0, 0, 14, 0.5], "rotation": 270, "texture": "#0"},
				"down": {"uv": [0, 0, 14, 0.5], "rotation": 90, "texture": "#0"}
			}
		},
		{
			"from": [0.41667, 13.5, -2.91667],
			"to": [0.91667, 15.5, 11.08333],
			"rotation": {"angle": -22.5, "axis": "y", "origin": [0, 11.66667, 12.08333]},
			"faces": {
				"north": {"uv": [1, 1, 1.5, 3], "texture": "#1"},
				"east": {"uv": [0, 0, 14, 2], "texture": "#0"},
				"south": {"uv": [0, 0, 0.5, 2], "texture": "#0"},
				"west": {"uv": [0, 0, 14, 2], "texture": "#0"},
				"up": {"uv": [0, 0, 14, 0.5], "rotation": 270, "texture": "#0"},
				"down": {"uv": [0, 0, 14, 0.5], "rotation": 90, "texture": "#0"}
			}
		},
		{
			"from": [0.41667, 16, -2.91667],
			"to": [0.91667, 18, 11.08333],
			"rotation": {"angle": -22.5, "axis": "y", "origin": [0, 11.66667, 12.08333]},
			"faces": {
				"north": {"uv": [1, 1, 1.5, 3], "texture": "#1"},
				"east": {"uv": [0, 0, 14, 2], "texture": "#0"},
				"south": {"uv": [0, 0, 0.5, 2], "texture": "#0"},
				"west": {"uv": [0, 0, 14, 2], "texture": "#0"},
				"up": {"uv": [0, 0, 14, 0.5], "rotation": 270, "texture": "#0"},
				"down": {"uv": [0, 0, 14, 0.5], "rotation": 90, "texture": "#0"}
			}
		},
		{
			"from": [0.41667, 18.5, -2.91667],
			"to": [0.91667, 20.5, 11.08333],
			"rotation": {"angle": -22.5, "axis": "y", "origin": [0, 11.66667, 12.08333]},
			"faces": {
				"north": {"uv": [1, 1, 1.5, 3], "texture": "#1"},
				"east": {"uv": [0, 0, 14, 2], "texture": "#0"},
				"south": {"uv": [0, 0, 0.5, 2], "texture": "#0"},
				"west": {"uv": [0, 0, 14, 2], "texture": "#0"},
				"up": {"uv": [0, 0, 14, 0.5], "rotation": 270, "texture": "#0"},
				"down": {"uv": [0, 0, 14, 0.5], "rotation": 90, "texture": "#0"}
			}
		},
		{
			"from": [0.91667, 0.5, 8.58333],
			"to": [1.41667, 21.5, 10.58333],
			"rotation": {"angle": -22.5, "axis": "y", "origin": [0, 11.66667, 12.08333]},
			"faces": {
				"north": {"uv": [0, 0, 0.5, 16], "texture": "#0"},
				"east": {"uv": [0, 0, 2, 16], "texture": "#0"},
				"south": {"uv": [0, 0, 0.5, 16], "texture": "#0"},
				"west": {"uv": [0, 0, 2, 16], "texture": "#0"},
				"up": {"uv": [1, 1, 3, 1.5], "rotation": 270, "texture": "#1"},
				"down": {"uv": [1, 1, 3, 1.5], "rotation": 90, "texture": "#1"}
			}
		},
		{
			"from": [0.91667, 0.5, -2.41667],
			"to": [1.41667, 21.5, -0.41667],
			"rotation": {"angle": -22.5, "axis": "y", "origin": [0, 11.66667, 12.08333]},
			"faces": {
				"north": {"uv": [0, 0, 0.5, 16], "texture": "#0"},
				"east": {"uv": [0, 0, 2, 16], "texture": "#0"},
				"south": {"uv": [0, 0, 0.5, 16], "texture": "#0"},
				"west": {"uv": [0, 0, 2, 16], "texture": "#0"},
				"up": {"uv": [1, 1, 3, 1.5], "rotation": 270, "texture": "#1"},
				"down": {"uv": [1, 1, 3, 1.5], "rotation": 90, "texture": "#1"}
			}
		},
		{
			"from": [0.91667, 0.5, 3.08333],
			"to": [1.41667, 21.5, 5.08333],
			"rotation": {"angle": -22.5, "axis": "y", "origin": [0, 11.66667, 12.08333]},
			"faces": {
				"north": {"uv": [0, 0, 0.5, 16], "texture": "#0"},
				"east": {"uv": [0, 0, 2, 16], "texture": "#0"},
				"south": {"uv": [0, 0, 0.5, 16], "texture": "#0"},
				"west": {"uv": [0, 0, 2, 16], "texture": "#0"},
				"up": {"uv": [1, 1, 3, 1.5], "rotation": 270, "texture": "#1"},
				"down": {"uv": [1, 1, 3, 1.5], "rotation": 90, "texture": "#1"}
			}
		},
		{
			"from": [-0.08333, 0, 11.08333],
			"to": [0.91667, 32, 12.08333],
			"rotation": {"angle": -22.5, "axis": "y", "origin": [0, 11.66667, 12.08333]},
			"faces": {
				"north": {"uv": [0, 0, 1, 16], "texture": "#0"},
				"east": {"uv": [0, 0, 1, 16], "texture": "#0"},
				"south": {"uv": [0, 0, 1, 16], "texture": "#0"},
				"west": {"uv": [0, 0, 1, 16], "texture": "#0"},
				"up": {"uv": [0, 0, 16, 16], "rotation": 270, "texture": "#1"},
				"down": {"uv": [0, 0, 16, 16], "rotation": 90, "texture": "#1"}
			}
		},
		{
			"from": [0.91667, 0.5, 10.58333],
			"to": [1.41667, 21.5, 12.08333],
			"rotation": {"angle": -22.5, "axis": "y", "origin": [0, 11.66667, 12.08333]},
			"faces": {
				"north": {"uv": [0, 0, 0.5, 16], "texture": "#0"},
				"east": {"uv": [0, 0, 1.5, 16], "texture": "#0"},
				"south": {"uv": [0, 0, 0.5, 16], "texture": "#0"},
				"west": {"uv": [0, 0, 1.5, 16], "texture": "#0"},
				"up": {"uv": [1, 1, 2.5, 1.5], "rotation": 270, "texture": "#1"},
				"down": {"uv": [1, 1, 2.5, 1.5], "rotation": 90, "texture": "#1"}
			}
		},
		{
			"from": [-2, 13, 12],
			"to": [-1, 14, 14],
			"faces": {
				"north": {"uv": [0, 0, 1, 1], "texture": "#2"},
				"east": {"uv": [0, 0, 2, 1], "texture": "#2"},
				"south": {"uv": [0, 0, 1, 1], "texture": "#2"},
				"west": {"uv": [0, 0, 2, 1], "texture": "#2"},
				"up": {"uv": [0, 0, 1, 2], "texture": "#2"},
				"down": {"uv": [0, 0, 1, 2], "texture": "#2"}
			}
		},
		{
			"from": [-2, 14, 13],
			"to": [-1, 17, 14],
			"faces": {
				"north": {"uv": [0, 0, 1, 3], "texture": "#2"},
				"east": {"uv": [0, 0, 1, 3], "texture": "#2"},
				"south": {"uv": [0, 0, 1, 3], "texture": "#2"},
				"west": {"uv": [0, 0, 1, 3], "texture": "#2"},
				"up": {"uv": [0, 0, 1, 1], "texture": "#2"},
				"down": {"uv": [0, 0, 1, 1], "texture": "#2"}
			}
		},
		{
			"from": [16, 13, 12],
			"to": [17, 14, 14],
			"faces": {
				"north": {"uv": [0, 0, 1, 1], "texture": "#2"},
				"east": {"uv": [0, 0, 2, 1], "texture": "#2"},
				"south": {"uv": [0, 0, 1, 1], "texture": "#2"},
				"west": {"uv": [0, 0, 2, 1], "texture": "#2"},
				"up": {"uv": [0, 0, 1, 2], "texture": "#2"},
				"down": {"uv": [0, 0, 1, 2], "texture": "#2"}
			}
		},
		{
			"from": [16, 14, 13],
			"to": [17, 17, 14],
			"faces": {
				"north": {"uv": [0, 0, 1, 3], "texture": "#2"},
				"east": {"uv": [0, 0, 1, 3], "texture": "#2"},
				"south": {"uv": [0, 0, 1, 3], "texture": "#2"},
				"west": {"uv": [0, 0, 1, 3], "texture": "#2"},
				"up": {"uv": [0, 0, 1, 1], "texture": "#2"},
				"down": {"uv": [0, 0, 1, 1], "texture": "#2"}
			}
		},
		{
			"from": [1.41667, 13, -1.91667],
			"to": [2.91667, 14, -0.91667],
			"rotation": {"angle": -22.5, "axis": "y", "origin": [0, 11.66667, 12.08333]},
			"faces": {
				"north": {"uv": [0, 0, 1.5, 1], "texture": "#2"},
				"east": {"uv": [0, 0, 1, 1], "texture": "#2"},
				"south": {"uv": [0, 0, 1.5, 1], "texture": "#2"},
				"west": {"uv": [0, 0, 1, 1], "texture": "#2"},
				"up": {"uv": [0, 0, 1, 1.5], "rotation": 270, "texture": "#2"},
				"down": {"uv": [0, 0, 1, 1.5], "rotation": 90, "texture": "#2"}
			}
		},
		{
			"from": [1.91667, 14, -1.91667],
			"to": [2.91667, 17, -0.91667],
			"rotation": {"angle": -22.5, "axis": "y", "origin": [0, 11.66667, 12.08333]},
			"faces": {
				"north": {"uv": [0, 0, 1, 3], "texture": "#2"},
				"east": {"uv": [0, 0, 1, 3], "texture": "#2"},
				"south": {"uv": [0, 0, 1, 3], "texture": "#2"},
				"west": {"uv": [0, 0, 1, 3], "texture": "#2"},
				"up": {"uv": [0, 0, 1, 1], "rotation": 270, "texture": "#2"},
				"down": {"uv": [0, 0, 1, 1], "rotation": 90, "texture": "#2"}
			}
		},
		{
			"from": [17, -1.75, 15.75],
			"to": [20, 21.25, 16.25],
			"rotation": {"angle": -22.5, "axis": "x", "origin": [18.5, 11.5, 14.25]},
			"faces": {
				"north": {"uv": [0, 0, 16, 3], "rotation": 270, "texture": "#2"},
				"east": {"uv": [0, 0, 16, 0.5], "rotation": 270, "texture": "#2"},
				"south": {"uv": [0, 0, 16, 3], "rotation": 90, "texture": "#2"},
				"west": {"uv": [0, 0, 16, 0.5], "rotation": 270, "texture": "#2"},
				"up": {"uv": [0, 0, 0.5, 3], "rotation": 90, "texture": "#2"},
				"down": {"uv": [0, 0, 0.5, 3], "rotation": 270, "texture": "#2"}
			}
		}
	],
	"display": {
		"thirdperson_righthand": {
			"rotation": [90, 0, 0],
			"translation": [-4, -2, -4]
		}
	}
}