{
	"credit": "By Aillyaes",
	"textures": {
		"0": "block/red_concrete",
		"1": "block/black_concrete",
		"particle": "block/red_concrete"
	},
	"elements": [
		{
			"from": [6.5, 0, 3.5],
			"to": [9.5, 12, 12.5],
			"faces": {
				"north": {"uv": [0, 0, 3, 12], "texture": "#0"},
				"east": {"uv": [0, 0, 9, 12], "texture": "#0"},
				"south": {"uv": [0, 0, 3, 12], "texture": "#0"},
				"west": {"uv": [0, 0, 9, 12], "texture": "#0"},
				"up": {"uv": [0, 0, 3, 9], "texture": "#0"},
				"down": {"uv": [0, 0, 3, 9], "texture": "#0"}
			}
		},
		{
			"from": [7.25, 11.5, 3.5],
			"to": [8.75, 14.5, 4.5],
			"faces": {
				"north": {"uv": [0, 0, 3, 3], "texture": "#0"},
				"east": {"uv": [0, 0, 1, 3], "texture": "#0"},
				"south": {"uv": [0, 0, 3, 3], "texture": "#0"},
				"west": {"uv": [0, 0, 1, 3], "texture": "#0"},
				"up": {"uv": [0, 0, 3, 1], "texture": "#0"},
				"down": {"uv": [0, 0, 3, 1], "texture": "#0"}
			}
		},
		{
			"from": [7.25, 12, 8.5],
			"to": [8.75, 16.25, 9.5],
			"faces": {
				"north": {"uv": [0, 0, 3, 4.25], "texture": "#0"},
				"east": {"uv": [0, 0, 1, 4.25], "texture": "#0"},
				"south": {"uv": [0, 0, 3, 4.25], "texture": "#0"},
				"west": {"uv": [0, 0, 1, 4.25], "texture": "#0"},
				"up": {"uv": [0, 0, 3, 1], "texture": "#0"},
				"down": {"uv": [0, 0, 3, 1], "texture": "#0"}
			}
		},
		{
			"from": [7.23604, 14.2526, 4.26137],
			"to": [8.73604, 15.2526, 9.01137],
			"rotation": {"angle": -22.5, "axis": "x", "origin": [7.98604, 14.5026, 6.51137]},
			"faces": {
				"north": {"uv": [0, 0, 3, 1], "texture": "#0"},
				"east": {"uv": [0, 0, 4.75, 1], "texture": "#0"},
				"south": {"uv": [0, 0, 3, 1], "texture": "#0"},
				"west": {"uv": [0, 0, 4.75, 1], "texture": "#0"},
				"up": {"uv": [0, 0, 3, 4.75], "texture": "#0"},
				"down": {"uv": [0, 0, 3, 4.75], "texture": "#0"}
			}
		},
		{
			"from": [7.25, 10.99213, 12.00785],
			"to": [8.75, 13.99213, 13.00785],
			"rotation": {"angle": 22.5, "axis": "x", "origin": [8, 12.49213, 12.50785]},
			"faces": {
				"north": {"uv": [0, 0, 1.5, 3], "texture": "#0"},
				"east": {"uv": [0, 0, 1, 3], "texture": "#0"},
				"south": {"uv": [0, 0, 1.5, 3], "texture": "#0"},
				"west": {"uv": [0, 0, 1, 3], "texture": "#0"},
				"up": {"uv": [0, 0, 1.5, 1], "texture": "#0"},
				"down": {"uv": [0, 0, 1.5, 1], "texture": "#0"}
			}
		},
		{
			"from": [7.49811, 13.33855, 12.52645],
			"to": [8.49811, 14.33855, 14.52645],
			"rotation": {"angle": -22.5, "axis": "x", "origin": [7.99811, 14.33855, 13.27645]},
			"faces": {
				"north": {"uv": [0, 0, 1, 1], "rotation": 180, "texture": "#1"},
				"east": {"uv": [0, 0, 1, 2], "rotation": 270, "texture": "#1"},
				"south": {"uv": [0, 0, 1, 1], "texture": "#1"},
				"west": {"uv": [0, 0, 1, 2], "rotation": 90, "texture": "#1"},
				"up": {"uv": [0, 0, 1, 2], "rotation": 180, "texture": "#1"},
				"down": {"uv": [0, 0, 1, 2], "texture": "#1"}
			}
		},
		{
			"from": [8.7561, 1.00001, 6.99389],
			"to": [9.7561, 11.00001, 7.99389],
			"rotation": {"angle": 45, "axis": "x", "origin": [9.2561, 6.00001, 9.49389]},
			"faces": {
				"north": {"uv": [0, 0, 1, 10], "texture": "#0"},
				"east": {"uv": [0, 0, 1, 10], "texture": "#0"},
				"south": {"uv": [0, 0, 1, 10], "texture": "#0"},
				"west": {"uv": [0, 0, 1, 10], "texture": "#0"},
				"up": {"uv": [0, 0, 1, 1], "texture": "#0"},
				"down": {"uv": [0, 0, 1, 1], "texture": "#0"}
			}
		},
		{
			"from": [8.75117, 2.41669, 7.58215],
			"to": [9.75117, 12.41669, 8.58215],
			"rotation": {"angle": -45, "axis": "x", "origin": [9.25117, 7.41669, 8.08215]},
			"faces": {
				"north": {"uv": [0, 0, 1, 10], "texture": "#0"},
				"east": {"uv": [0, 0, 1, 10], "texture": "#0"},
				"south": {"uv": [0, 0, 1, 10], "texture": "#0"},
				"west": {"uv": [0, 0, 1, 10], "texture": "#0"},
				"up": {"uv": [0, 0, 1, 1], "texture": "#0"},
				"down": {"uv": [0, 0, 1, 1], "texture": "#0"}
			}
		},
		{
			"from": [6.2561, 1.00001, 6.99389],
			"to": [7.2561, 11.00001, 7.99389],
			"rotation": {"angle": 45, "axis": "x", "origin": [6.7561, 6.00001, 9.49389]},
			"faces": {
				"north": {"uv": [0, 0, 1, 10], "texture": "#0"},
				"east": {"uv": [0, 0, 1, 10], "texture": "#0"},
				"south": {"uv": [0, 0, 1, 10], "texture": "#0"},
				"west": {"uv": [0, 0, 1, 10], "texture": "#0"},
				"up": {"uv": [0, 0, 1, 1], "texture": "#0"},
				"down": {"uv": [0, 0, 1, 1], "texture": "#0"}
			}
		},
		{
			"from": [6.25117, 2.41669, 7.58215],
			"to": [7.25117, 12.41669, 8.58215],
			"rotation": {"angle": -45, "axis": "x", "origin": [6.75117, 7.41669, 8.08215]},
			"faces": {
				"north": {"uv": [0, 0, 1, 10], "texture": "#0"},
				"east": {"uv": [0, 0, 1, 10], "texture": "#0"},
				"south": {"uv": [0, 0, 1, 10], "texture": "#0"},
				"west": {"uv": [0, 0, 1, 10], "texture": "#0"},
				"up": {"uv": [0, 0, 1, 1], "texture": "#0"},
				"down": {"uv": [0, 0, 1, 1], "texture": "#0"}
			}
		}
	],
	"display": {
		"thirdperson_righthand": {
			"rotation": [90, 0, 0],
			"translation": [-6, -2, -4]
		}
	}
}