{
	"credit": "By Aillyaes",
	"textures": {
		"0": "block/black_concrete",
		"1": "block/white_concrete",
		"particle": "block/black_concrete"
	},
	"elements": [
		{
			"from": [0, 29, 1],
			"to": [1, 32, 15],
			"faces": {
				"north": {"uv": [0, 0, 1, 3], "texture": "#0"},
				"east": {"uv": [0, 0, 14, 3], "texture": "#0"},
				"south": {"uv": [0, 0, 1, 3], "texture": "#0"},
				"west": {"uv": [0, 0, 14, 3], "texture": "#0"},
				"up": {"uv": [0, 0, 1, 14], "texture": "#0"},
				"down": {"uv": [0, 0, 1, 14], "texture": "#0"}
			}
		},
		{
			"from": [0, 25, 1],
			"to": [1, 28, 15],
			"faces": {
				"north": {"uv": [0, 0, 1, 3], "texture": "#0"},
				"east": {"uv": [0, 0, 14, 3], "texture": "#0"},
				"south": {"uv": [0, 0, 1, 3], "texture": "#0"},
				"west": {"uv": [0, 0, 14, 3], "texture": "#0"},
				"up": {"uv": [0, 0, 1, 14], "texture": "#0"},
				"down": {"uv": [0, 0, 1, 14], "texture": "#0"}
			}
		},
		{
			"from": [0, 27, 0],
			"to": [1, 30, 3],
			"faces": {
				"north": {"uv": [0, 0, 1, 3], "texture": "#0"},
				"east": {"uv": [0, 0, 3, 3], "texture": "#0"},
				"south": {"uv": [0, 0, 1, 3], "texture": "#0"},
				"west": {"uv": [0, 0, 3, 3], "texture": "#0"},
				"up": {"uv": [0, 0, 1, 3], "texture": "#0"},
				"down": {"uv": [0, 0, 1, 3], "texture": "#0"}
			}
		},
		{
			"from": [0, 27, 13],
			"to": [1, 30, 16],
			"faces": {
				"north": {"uv": [0, 0, 1, 3], "texture": "#0"},
				"east": {"uv": [0, 0, 3, 3], "texture": "#0"},
				"south": {"uv": [0, 0, 1, 3], "texture": "#0"},
				"west": {"uv": [0, 0, 3, 3], "texture": "#0"},
				"up": {"uv": [0, 0, 1, 3], "texture": "#0"},
				"down": {"uv": [0, 0, 1, 3], "texture": "#0"}
			}
		},
		{
			"from": [0, 27, 6.5],
			"to": [1, 30, 9.5],
			"faces": {
				"north": {"uv": [0, 0, 1, 3], "texture": "#0"},
				"east": {"uv": [0, 0, 3, 3], "texture": "#0"},
				"south": {"uv": [0, 0, 1, 3], "texture": "#0"},
				"west": {"uv": [0, 0, 3, 3], "texture": "#0"},
				"up": {"uv": [0, 0, 1, 3], "texture": "#0"},
				"down": {"uv": [0, 0, 1, 3], "texture": "#0"}
			}
		},
		{
			"from": [0, 24, 1],
			"to": [1, 25, 15],
			"faces": {
				"north": {"uv": [0, 0, 1, 1], "texture": "#0"},
				"east": {"uv": [0, 0, 14, 1], "texture": "#0"},
				"south": {"uv": [0, 0, 1, 1], "texture": "#0"},
				"west": {"uv": [0, 0, 14, 1], "texture": "#0"},
				"up": {"uv": [0, 0, 1, 14], "texture": "#0"},
				"down": {"uv": [0, 0, 1, 14], "texture": "#0"}
			}
		},
		{
			"from": [0, 20, 5],
			"to": [1, 24, 11],
			"faces": {
				"north": {"uv": [0, 0, 1, 4], "texture": "#0"},
				"east": {"uv": [0, 0, 6, 4], "texture": "#0"},
				"south": {"uv": [0, 0, 1, 4], "texture": "#0"},
				"west": {"uv": [0, 0, 6, 4], "texture": "#0"},
				"up": {"uv": [0, 0, 1, 6], "texture": "#0"},
				"down": {"uv": [0, 0, 1, 6], "texture": "#0"}
			}
		},
		{
			"from": [2, 20, 5],
			"to": [11, 32, 10],
			"faces": {
				"north": {"uv": [0, 0, 9, 12], "texture": "#0"},
				"east": {"uv": [0, 0, 5, 12], "texture": "#0"},
				"south": {"uv": [0, 0, 9, 12], "texture": "#0"},
				"west": {"uv": [0, 0, 5, 12], "texture": "#0"},
				"up": {"uv": [0, 0, 9, 5], "texture": "#0"},
				"down": {"uv": [0, 0, 9, 5], "texture": "#0"}
			}
		},
		{
			"from": [1, 27, 3],
			"to": [2, 30, 13],
			"faces": {
				"north": {"uv": [0, 0, 1, 3], "texture": "#1"},
				"east": {"uv": [0, 0, 10, 3], "texture": "#1"},
				"south": {"uv": [0, 0, 1, 3], "texture": "#1"},
				"west": {"uv": [0, 0, 10, 3], "texture": "#1"},
				"up": {"uv": [0, 0, 1, 10], "texture": "#1"},
				"down": {"uv": [0, 0, 1, 10], "texture": "#1"}
			}
		},
		{
			"from": [6, -13, 5.5],
			"to": [7, 18, 9.5],
			"faces": {
				"north": {"uv": [0, 0, 1, 16], "texture": "#0"},
				"east": {"uv": [0, 0, 4, 16], "texture": "#0"},
				"south": {"uv": [0, 0, 1, 16], "texture": "#0"},
				"west": {"uv": [0, 0, 4, 16], "texture": "#0"},
				"up": {"uv": [0, 0, 1, 4], "texture": "#0"},
				"down": {"uv": [0, 0, 1, 4], "texture": "#0"}
			}
		},
		{
			"from": [4.94067, 28.01913, -16],
			"to": [5.94067, 29.01913, 5.04024],
			"rotation": {"angle": 22.5, "axis": "x", "origin": [5.44067, 28.51913, 4.54024]},
			"faces": {
				"north": {"uv": [0, 0, 1, 1], "texture": "#0"},
				"east": {"uv": [0, 0, 16, 1], "texture": "#0"},
				"south": {"uv": [0, 0, 1, 1], "texture": "#0"},
				"west": {"uv": [0, 0, 16, 1], "texture": "#0"},
				"up": {"uv": [0, 0, 1, 16], "texture": "#0"},
				"down": {"uv": [0, 0, 1, 16], "texture": "#0"}
			}
		},
		{
			"from": [4.94067, 28.01913, 10.04024],
			"to": [5.94067, 29.01913, 31.04024],
			"rotation": {"angle": 22.5, "axis": "x", "origin": [5.44067, 28.51913, 4.54024]},
			"faces": {
				"north": {"uv": [0, 0, 1, 1], "texture": "#0"},
				"east": {"uv": [0, 0, 16, 1], "texture": "#0"},
				"south": {"uv": [0, 0, 1, 1], "texture": "#0"},
				"west": {"uv": [0, 0, 16, 1], "texture": "#0"},
				"up": {"uv": [0, 0, 1, 16], "texture": "#0"},
				"down": {"uv": [0, 0, 1, 16], "texture": "#0"}
			}
		},
		{
			"from": [4.94067, 23.01913, -15.95976],
			"to": [5.94067, 24.01913, 5.04024],
			"rotation": {"angle": -45, "axis": "x", "origin": [5.44067, 28.51913, 4.54024]},
			"faces": {
				"north": {"uv": [0, 0, 1, 1], "texture": "#0"},
				"east": {"uv": [0, 0, 16, 1], "texture": "#0"},
				"south": {"uv": [0, 0, 1, 1], "texture": "#0"},
				"west": {"uv": [0, 0, 16, 1], "texture": "#0"},
				"up": {"uv": [0, 0, 1, 16], "texture": "#0"},
				"down": {"uv": [0, 0, 1, 16], "texture": "#0"}
			}
		},
		{
			"from": [4.94067, 23.01913, 10.04024],
			"to": [5.94067, 24.01913, 30.04024],
			"rotation": {"angle": -45, "axis": "x", "origin": [5.44067, 28.51913, 4.54024]},
			"faces": {
				"north": {"uv": [0, 0, 1, 1], "texture": "#0"},
				"east": {"uv": [0, 0, 16, 1], "texture": "#0"},
				"south": {"uv": [0, 0, 1, 1], "texture": "#0"},
				"west": {"uv": [0, 0, 16, 1], "texture": "#0"},
				"up": {"uv": [0, 0, 1, 16], "texture": "#0"},
				"down": {"uv": [0, 0, 1, 16], "texture": "#0"}
			}
		},
		{
			"from": [8.94067, 23.01913, -15.95976],
			"to": [9.94067, 24.01913, 5.04024],
			"rotation": {"angle": -22.5, "axis": "x", "origin": [5.44067, 28.51913, 4.54024]},
			"faces": {
				"north": {"uv": [0, 0, 1, 1], "texture": "#0"},
				"east": {"uv": [0, 0, 16, 1], "texture": "#0"},
				"south": {"uv": [0, 0, 1, 1], "texture": "#0"},
				"west": {"uv": [0, 0, 16, 1], "texture": "#0"},
				"up": {"uv": [0, 0, 1, 16], "texture": "#0"},
				"down": {"uv": [0, 0, 1, 16], "texture": "#0"}
			}
		},
		{
			"from": [8.94067, 23.01913, 10.04024],
			"to": [9.94067, 24.01913, 31.04024],
			"rotation": {"angle": -22.5, "axis": "x", "origin": [5.44067, 28.51913, 4.54024]},
			"faces": {
				"north": {"uv": [0, 0, 1, 1], "texture": "#0"},
				"east": {"uv": [0, 0, 16, 1], "texture": "#0"},
				"south": {"uv": [0, 0, 1, 1], "texture": "#0"},
				"west": {"uv": [0, 0, 16, 1], "texture": "#0"},
				"up": {"uv": [0, 0, 1, 16], "texture": "#0"},
				"down": {"uv": [0, 0, 1, 16], "texture": "#0"}
			}
		},
		{
			"from": [2.94067, 28.01913, 2.04024],
			"to": [3.94067, 32, 3.04024],
			"rotation": {"angle": -22.5, "axis": "x", "origin": [5.44067, 28.51913, 4.54024]},
			"faces": {
				"north": {"uv": [0, 0, 1, 3.98087], "rotation": 180, "texture": "#0"},
				"east": {"uv": [0, 0, 3.98087, 1], "rotation": 270, "texture": "#0"},
				"south": {"uv": [0, 0, 1, 3.98087], "texture": "#0"},
				"west": {"uv": [0, 0, 3.98087, 1], "rotation": 90, "texture": "#0"},
				"up": {"uv": [0, 0, 1, 1], "rotation": 180, "texture": "#0"},
				"down": {"uv": [0, 0, 1, 1], "texture": "#0"}
			}
		},
		{
			"from": [2.94067, 2.01913, 2.04024],
			"to": [3.94067, 23.01913, 3.04024],
			"rotation": {"angle": -22.5, "axis": "x", "origin": [5.44067, 28.51913, 4.54024]},
			"faces": {
				"north": {"uv": [0, 0, 1, 16], "rotation": 180, "texture": "#0"},
				"east": {"uv": [0, 0, 16, 1], "rotation": 270, "texture": "#0"},
				"south": {"uv": [0, 0, 1, 16], "texture": "#0"},
				"west": {"uv": [0, 0, 16, 1], "rotation": 90, "texture": "#0"},
				"up": {"uv": [0, 0, 1, 1], "rotation": 180, "texture": "#0"},
				"down": {"uv": [0, 0, 1, 1], "texture": "#0"}
			}
		},
		{
			"from": [4.94067, 13.01913, 10.04024],
			"to": [5.94067, 14.01913, 31.04024],
			"rotation": {"angle": 22.5, "axis": "x", "origin": [5.44067, 28.51913, 4.54024]},
			"faces": {
				"north": {"uv": [0, 0, 1, 1], "texture": "#0"},
				"east": {"uv": [0, 0, 16, 1], "texture": "#0"},
				"south": {"uv": [0, 0, 1, 1], "texture": "#0"},
				"west": {"uv": [0, 0, 16, 1], "texture": "#0"},
				"up": {"uv": [0, 0, 1, 16], "texture": "#0"},
				"down": {"uv": [0, 0, 1, 16], "texture": "#0"}
			}
		},
		{
			"from": [4.94067, 14.01913, -15.95976],
			"to": [5.94067, 15.01913, 5.04024],
			"rotation": {"angle": -45, "axis": "x", "origin": [5.44067, 28.51913, 4.54024]},
			"faces": {
				"north": {"uv": [0, 0, 1, 1], "texture": "#0"},
				"east": {"uv": [0, 0, 16, 1], "texture": "#0"},
				"south": {"uv": [0, 0, 1, 1], "texture": "#0"},
				"west": {"uv": [0, 0, 16, 1], "texture": "#0"},
				"up": {"uv": [0, 0, 1, 16], "texture": "#0"},
				"down": {"uv": [0, 0, 1, 16], "texture": "#0"}
			}
		},
		{
			"from": [2.94067, 28.01913, 9.04024],
			"to": [3.94067, 32, 10.04024],
			"rotation": {"angle": -22.5, "axis": "x", "origin": [5.44067, 28.51913, 4.54024]},
			"faces": {
				"north": {"uv": [0, 0, 1, 3.98087], "rotation": 180, "texture": "#0"},
				"east": {"uv": [0, 0, 3.98087, 1], "rotation": 270, "texture": "#0"},
				"south": {"uv": [0, 0, 1, 3.98087], "texture": "#0"},
				"west": {"uv": [0, 0, 3.98087, 1], "rotation": 90, "texture": "#0"},
				"up": {"uv": [0, 0, 1, 1], "rotation": 180, "texture": "#0"},
				"down": {"uv": [0, 0, 1, 1], "texture": "#0"}
			}
		}
	],
	"display": {
		"thirdperson_righthand": {
			"rotation": [90, 0, 0],
			"translation": [-4.5, -2.5, 9]
		}
	}
}