{
	"credit": "Made with Blockbench",
	"textures": {
		"0": "block/dark_oak_planks",
		"2": "block/stonecutter_bottom",
		"3": "block/light_gray_concrete",
		"4": "block/mushroom_stem",
		"5": "block/water_still",
		"6": "block/red_terracotta",
		"7": "block/birch_planks",
		"8": "block/black_concrete",
		"9": "block/iron_block",
		"particle": "block/dark_oak_planks"
	},
	"elements": [
		{
			"from": [24.5, 0, -0.25],
			"to": [27.5, 0.5, 1.25],
			"faces": {
				"north": {"uv": [0, 0, 3, 0.5], "texture": "#2"},
				"east": {"uv": [0, 0, 1.5, 0.5], "texture": "#2"},
				"south": {"uv": [0, 0, 3, 0.5], "texture": "#2"},
				"west": {"uv": [0, 0, 1.5, 0.5], "texture": "#2"},
				"up": {"uv": [0, 0, 3, 1.5], "texture": "#2"},
				"down": {"uv": [0, 0, 3, 1.5], "texture": "#2"}
			}
		},
		{
			"from": [25.5, 0.5, 0],
			"to": [26.5, 18.5, 1],
			"faces": {
				"north": {"uv": [0, 0, 1, 14], "texture": "#4"},
				"east": {"uv": [0, 0, 1, 14], "texture": "#4"},
				"south": {"uv": [0, 0, 1, 14], "texture": "#4"},
				"west": {"uv": [0, 0, 1, 16], "texture": "#4"},
				"up": {"uv": [0, 0, 1, 1], "texture": "#4"},
				"down": {"uv": [0, 0, 1, 1], "texture": "#4"}
			}
		},
		{
			"from": [25.5, 19.5, 0],
			"to": [26.5, 20.5, 5],
			"faces": {
				"north": {"uv": [0, 0, 1, 1], "texture": "#3"},
				"east": {"uv": [0, 0, 3, 1], "texture": "#3"},
				"south": {"uv": [0, 0, 1, 1], "texture": "#3"},
				"west": {"uv": [0, 0, 3, 1], "texture": "#3"},
				"up": {"uv": [0, 0, 1, 3], "texture": "#3"},
				"down": {"uv": [0, 0, 1, 3], "texture": "#3"}
			}
		},
		{
			"from": [25.5, 20.5, 0],
			"to": [26.5, 22, 1],
			"faces": {
				"north": {"uv": [0, 0, 1, 1], "texture": "#3"},
				"east": {"uv": [0, 0, 1, 1], "texture": "#3"},
				"south": {"uv": [0, 0, 1, 1], "texture": "#3"},
				"west": {"uv": [0, 0, 1, 1], "texture": "#3"},
				"up": {"uv": [0, 0, 1, 1], "texture": "#3"},
				"down": {"uv": [0, 0, 1, 1], "texture": "#3"}
			}
		},
		{
			"from": [25.9, 21.4, 1],
			"to": [26.1, 21.9, 3.7],
			"faces": {
				"north": {"uv": [0, 0, 1, 0.2], "rotation": 270, "texture": "#3"},
				"east": {"uv": [0, 0, 1, 1.7], "rotation": 270, "texture": "#3"},
				"south": {"uv": [0, 0, 1, 0.2], "rotation": 90, "texture": "#3"},
				"west": {"uv": [0, 0, 1, 1.7], "rotation": 270, "texture": "#3"},
				"up": {"uv": [0, 0, 1.7, 0.2], "rotation": 90, "texture": "#3"},
				"down": {"uv": [0, 0, 1.7, 0.2], "rotation": 270, "texture": "#3"}
			}
		},
		{
			"from": [25.8, 19.1, 4.25],
			"to": [26.3, 19.5, 4.75],
			"faces": {
				"north": {"uv": [0, 0, 0.5, 0.4], "texture": "#3"},
				"east": {"uv": [0, 0, 0.5, 0.4], "texture": "#3"},
				"south": {"uv": [0, 0, 0.5, 0.4], "texture": "#3"},
				"west": {"uv": [0, 0, 0.5, 0.4], "texture": "#3"},
				"up": {"uv": [0, 0, 0.5, 0.5], "texture": "#3"},
				"down": {"uv": [0, 0, 0.5, 0.5], "texture": "#3"}
			}
		},
		{
			"from": [25.5, 18.5, 0],
			"to": [26.5, 19.5, 1],
			"faces": {
				"north": {"uv": [0, 0, 1, 1], "texture": "#3"},
				"east": {"uv": [0, 0, 1, 1], "texture": "#3"},
				"south": {"uv": [0, 0, 1, 1], "texture": "#3"},
				"west": {"uv": [0, 0, 1, 1], "texture": "#3"},
				"up": {"uv": [0, 0, 1, 1], "texture": "#3"},
				"down": {"uv": [0, 0, 1, 1], "texture": "#3"}
			}
		},
		{
			"from": [21.75, 9, 3.25],
			"to": [31, 10, 11.75],
			"faces": {
				"up": {"uv": [0, 0, 16, 16], "texture": "#5"}
			}
		},
		{
			"from": [21.5, 13.95, 2.75],
			"to": [31.25, 14.2, 3],
			"faces": {
				"north": {"uv": [0, 0, 9.75, 0.25], "texture": "#6"},
				"east": {"uv": [0, 0, 0.25, 0.25], "texture": "#6"},
				"south": {"uv": [0, 0, 9.75, 0.25], "texture": "#6"},
				"west": {"uv": [0, 0, 0.25, 0.25], "texture": "#6"},
				"up": {"uv": [0, 0, 9.75, 0.25], "texture": "#6"},
				"down": {"uv": [0, 0, 9.75, 0.25], "texture": "#6"}
			}
		},
		{
			"from": [21.5, 13.95, 12],
			"to": [31.25, 14.2, 12.25],
			"faces": {
				"north": {"uv": [0, 0, 9.75, 0.25], "texture": "#6"},
				"east": {"uv": [0, 0, 0.25, 0.25], "texture": "#6"},
				"south": {"uv": [0, 0, 9.75, 0.25], "texture": "#6"},
				"west": {"uv": [0, 0, 0.25, 0.25], "texture": "#6"},
				"up": {"uv": [0, 0, 9.75, 0.25], "texture": "#6"},
				"down": {"uv": [0, 0, 9.75, 0.25], "texture": "#6"}
			}
		},
		{
			"from": [31.25, 13.95, 2.75],
			"to": [31.5, 14.2, 12.25],
			"faces": {
				"north": {"uv": [0, 0, 0.25, 0.25], "texture": "#6"},
				"east": {"uv": [0, 0, 9.5, 0.25], "texture": "#6"},
				"south": {"uv": [0, 0, 0.25, 0.25], "texture": "#6"},
				"west": {"uv": [0, 0, 9.5, 0.25], "texture": "#6"},
				"up": {"uv": [0, 0, 0.25, 9.5], "texture": "#6"},
				"down": {"uv": [0, 0, 0.25, 9.5], "texture": "#6"}
			}
		},
		{
			"from": [21.25, 13.95, 2.75],
			"to": [21.5, 14.2, 12.25],
			"faces": {
				"north": {"uv": [0, 0, 0.25, 0.25], "texture": "#6"},
				"east": {"uv": [0, 0, 9.5, 0.25], "texture": "#6"},
				"south": {"uv": [0, 0, 0.25, 0.25], "texture": "#6"},
				"west": {"uv": [0, 0, 9.5, 0.25], "texture": "#6"},
				"up": {"uv": [0, 0, 0.25, 9.5], "texture": "#6"},
				"down": {"uv": [0, 0, 0.25, 9.5], "texture": "#6"}
			}
		},
		{
			"from": [21.75, 0.2, 3],
			"to": [31, 14.2, 3.25],
			"faces": {
				"north": {"uv": [0, 0, 9.25, 14], "texture": "#6"},
				"east": {"uv": [0, 0, 0.25, 14], "texture": "#6"},
				"south": {"uv": [0, 0, 9.25, 14], "texture": "#6"},
				"west": {"uv": [0, 0, 0.25, 14], "texture": "#6"},
				"up": {"uv": [0, 0, 9.25, 0.25], "texture": "#6"},
				"down": {"uv": [0, 0, 9.25, 0.25], "texture": "#6"}
			}
		},
		{
			"from": [21.75, 0.2, 11.75],
			"to": [31, 14.2, 12],
			"faces": {
				"north": {"uv": [0, 0, 9.25, 14], "texture": "#6"},
				"east": {"uv": [0, 0, 0.25, 14], "texture": "#6"},
				"south": {"uv": [0, 0, 9.25, 14], "texture": "#6"},
				"west": {"uv": [0, 0, 0.25, 14], "texture": "#6"},
				"up": {"uv": [0, 0, 9.25, 0.25], "texture": "#6"},
				"down": {"uv": [0, 0, 9.25, 0.25], "texture": "#6"}
			}
		},
		{
			"from": [31, 0.2, 3],
			"to": [31.25, 14.2, 12],
			"faces": {
				"north": {"uv": [0, 0, 0.25, 14], "texture": "#6"},
				"east": {"uv": [0, 0, 9, 14], "texture": "#6"},
				"south": {"uv": [0, 0, 0.25, 14], "texture": "#6"},
				"west": {"uv": [0, 0, 9, 14], "texture": "#6"},
				"up": {"uv": [0, 0, 0.25, 9], "texture": "#6"},
				"down": {"uv": [0, 0, 0.25, 9], "texture": "#6"}
			}
		},
		{
			"from": [21.5, 0.2, 3],
			"to": [21.75, 14.2, 12],
			"faces": {
				"north": {"uv": [0, 0, 0.25, 14], "texture": "#6"},
				"east": {"uv": [0, 0, 9, 14], "texture": "#6"},
				"south": {"uv": [0, 0, 0.25, 14], "texture": "#6"},
				"west": {"uv": [0, 0, 9, 14], "texture": "#6"},
				"up": {"uv": [0, 0, 0.25, 9], "texture": "#6"},
				"down": {"uv": [0, 0, 0.25, 9], "texture": "#6"}
			}
		},
		{
			"from": [21.5, 0, 3],
			"to": [31.25, 0.25, 12],
			"faces": {
				"north": {"uv": [0, 0, 9.75, 0.25], "texture": "#6"},
				"east": {"uv": [0, 0, 9, 0.25], "texture": "#6"},
				"south": {"uv": [0, 0, 9.75, 0.25], "texture": "#6"},
				"west": {"uv": [0, 0, 9, 0.25], "texture": "#6"},
				"up": {"uv": [0, 0, 9.75, 9], "texture": "#6"},
				"down": {"uv": [0, 0, 9.75, 9], "texture": "#6"}
			}
		},
		{
			"from": [-11, 13, 2],
			"to": [3, 13.5, 14],
			"faces": {
				"north": {"uv": [0, 0, 14, 0.5], "texture": "#7"},
				"east": {"uv": [0, 0, 12, 0.5], "texture": "#7"},
				"south": {"uv": [0, 0, 14, 0.5], "texture": "#7"},
				"west": {"uv": [0, 0, 12, 0.5], "texture": "#7"},
				"up": {"uv": [0, 0, 14, 12], "texture": "#7"},
				"down": {"uv": [0, 0, 14, 12], "texture": "#7"}
			}
		},
		{
			"from": [18, 0, 1],
			"to": [19, 12, 2],
			"faces": {
				"north": {"uv": [0, 0, 1, 12], "texture": "#0"},
				"east": {"uv": [0, 0, 1, 12], "texture": "#0"},
				"south": {"uv": [0, 0, 1, 12], "texture": "#0"},
				"west": {"uv": [0, 0, 1, 12], "texture": "#0"},
				"up": {"uv": [0, 0, 1, 1], "texture": "#0"},
				"down": {"uv": [0, 0, 1, 1], "texture": "#0"}
			}
		},
		{
			"from": [18, 0, 14],
			"to": [19, 12, 15],
			"faces": {
				"north": {"uv": [0, 0, 1, 12], "texture": "#0"},
				"east": {"uv": [0, 0, 1, 12], "texture": "#0"},
				"south": {"uv": [0, 0, 1, 12], "texture": "#0"},
				"west": {"uv": [0, 0, 1, 12], "texture": "#0"},
				"up": {"uv": [0, 0, 1, 1], "texture": "#0"},
				"down": {"uv": [0, 0, 1, 1], "texture": "#0"}
			}
		},
		{
			"from": [-15, 0, 14],
			"to": [-14, 12, 15],
			"faces": {
				"north": {"uv": [0, 0, 1, 12], "texture": "#0"},
				"east": {"uv": [0, 0, 1, 12], "texture": "#0"},
				"south": {"uv": [0, 0, 1, 12], "texture": "#0"},
				"west": {"uv": [0, 0, 1, 12], "texture": "#0"},
				"up": {"uv": [0, 0, 1, 1], "texture": "#0"},
				"down": {"uv": [0, 0, 1, 1], "texture": "#0"}
			}
		},
		{
			"from": [-15, 0, 1],
			"to": [-14, 12, 2],
			"faces": {
				"north": {"uv": [0, 0, 1, 12], "texture": "#0"},
				"east": {"uv": [0, 0, 1, 12], "texture": "#0"},
				"south": {"uv": [0, 0, 1, 12], "texture": "#0"},
				"west": {"uv": [0, 0, 1, 12], "texture": "#0"},
				"up": {"uv": [0, 0, 1, 1], "texture": "#0"},
				"down": {"uv": [0, 0, 1, 1], "texture": "#0"}
			}
		},
		{
			"from": [-16, 12, 0],
			"to": [20, 13, 16],
			"faces": {
				"north": {"uv": [0, 0, 16, 1], "texture": "#0"},
				"east": {"uv": [0, 0, 16, 1], "texture": "#0"},
				"south": {"uv": [0, 0, 16, 1], "texture": "#0"},
				"west": {"uv": [0, 0, 16, 1], "texture": "#0"},
				"up": {"uv": [0, 0, 16, 16], "texture": "#0"},
				"down": {"uv": [0, 0, 16, 16], "texture": "#0"}
			}
		},
		{
			"from": [-15, 9, 2],
			"to": [-14, 10, 14],
			"faces": {
				"north": {"uv": [0, 0, 1, 1], "texture": "#0"},
				"east": {"uv": [0, 0, 12, 1], "texture": "#0"},
				"south": {"uv": [0, 0, 1, 1], "texture": "#0"},
				"west": {"uv": [0, 0, 12, 1], "texture": "#0"},
				"up": {"uv": [0, 0, 1, 12], "texture": "#0"},
				"down": {"uv": [0, 0, 1, 12], "texture": "#0"}
			}
		},
		{
			"from": [18, 9, 2],
			"to": [19, 10, 14],
			"faces": {
				"north": {"uv": [0, 0, 1, 1], "texture": "#0"},
				"east": {"uv": [0, 0, 12, 1], "texture": "#0"},
				"south": {"uv": [0, 0, 1, 1], "texture": "#0"},
				"west": {"uv": [0, 0, 12, 1], "texture": "#0"},
				"up": {"uv": [0, 0, 1, 12], "texture": "#0"},
				"down": {"uv": [0, 0, 1, 12], "texture": "#0"}
			}
		},
		{
			"from": [-14, 9, 1],
			"to": [18, 10, 2],
			"faces": {
				"north": {"uv": [0, 0, 16, 1], "texture": "#0"},
				"east": {"uv": [0, 0, 1, 1], "texture": "#0"},
				"south": {"uv": [0, 0, 16, 1], "texture": "#0"},
				"west": {"uv": [0, 0, 1, 1], "texture": "#0"},
				"up": {"uv": [0, 0, 16, 1], "texture": "#0"},
				"down": {"uv": [0, 0, 16, 1], "texture": "#0"}
			}
		},
		{
			"from": [-14, 9, 14],
			"to": [18, 10, 15],
			"faces": {
				"north": {"uv": [0, 0, 16, 1], "texture": "#0"},
				"east": {"uv": [0, 0, 1, 1], "texture": "#0"},
				"south": {"uv": [0, 0, 16, 1], "texture": "#0"},
				"west": {"uv": [0, 0, 1, 1], "texture": "#0"},
				"up": {"uv": [0, 0, 16, 1], "texture": "#0"},
				"down": {"uv": [0, 0, 16, 1], "texture": "#0"}
			}
		},
		{
			"from": [8, 13, 4],
			"to": [10, 13.1, 9],
			"rotation": {"angle": 22.5, "axis": "y", "origin": [9.3125, 13.175, 8.5]},
			"faces": {
				"north": {"uv": [0, 0, 2, 0.1], "texture": "#9"},
				"east": {"uv": [0, 0, 5, 0.1], "texture": "#9"},
				"south": {"uv": [0, 0, 2, 0.1], "texture": "#9"},
				"west": {"uv": [0, 0, 5, 0.1], "texture": "#9"},
				"up": {"uv": [0, 0, 2, 5], "texture": "#9"},
				"down": {"uv": [0, 0, 2, 5], "texture": "#9"}
			}
		},
		{
			"from": [9.25, 13, 9],
			"to": [10, 13.6, 12],
			"rotation": {"angle": 22.5, "axis": "y", "origin": [9.3125, 13.175, 8.5]},
			"faces": {
				"north": {"uv": [0, 0, 0.75, 0.6], "texture": "#8"},
				"east": {"uv": [0, 0, 3, 0.6], "texture": "#8"},
				"south": {"uv": [0, 0, 0.75, 0.6], "texture": "#8"},
				"west": {"uv": [0, 0, 3, 0.6], "texture": "#8"},
				"up": {"uv": [0, 0, 0.75, 3], "texture": "#8"},
				"down": {"uv": [0, 0, 0.75, 3], "texture": "#8"}
			}
		}
	],
	"display": {
		"thirdperson_righthand": {
			"rotation": [90, 0, 0],
			"translation": [-22, -2.75, -4]
		}
	},
	"groups": [
		{
			"name": "kitchen_utensils01",
			"children": [0, 1, 2, 3, 4, 5, 6]
		},
		{
			"name": "group",
			"children": [7, 8, 9, 10, 11, 12, 13, 14, 15, 16]
		},
		{
			"name": "group",
			"children": [17, 18, 19, 20, 21, 22, 23, 24, 25, 26]
		}, 27, 28]
}