{
	"credit": "By Aillyaes",
	"textures": {
		"0": "block/white_terracotta",
		"particle": "block/white_terracotta"
	},
	"elements": [
		{
			"from": [3.5, 13.95, 3.75],
			"to": [13.25, 14.2, 4],
			"faces": {
				"north": {"uv": [0, 0, 9.75, 0.25], "texture": "#0"},
				"east": {"uv": [0, 0, 0.25, 0.25], "texture": "#0"},
				"south": {"uv": [0, 0, 9.75, 0.25], "texture": "#0"},
				"west": {"uv": [0, 0, 0.25, 0.25], "texture": "#0"},
				"up": {"uv": [0, 0, 9.75, 0.25], "texture": "#0"},
				"down": {"uv": [0, 0, 9.75, 0.25], "texture": "#0"}
			}
		},
		{
			"from": [3.5, 13.95, 13],
			"to": [13.25, 14.2, 13.25],
			"faces": {
				"north": {"uv": [0, 0, 9.75, 0.25], "texture": "#0"},
				"east": {"uv": [0, 0, 0.25, 0.25], "texture": "#0"},
				"south": {"uv": [0, 0, 9.75, 0.25], "texture": "#0"},
				"west": {"uv": [0, 0, 0.25, 0.25], "texture": "#0"},
				"up": {"uv": [0, 0, 9.75, 0.25], "texture": "#0"},
				"down": {"uv": [0, 0, 9.75, 0.25], "texture": "#0"}
			}
		},
		{
			"from": [13.25, 13.95, 3.75],
			"to": [13.5, 14.2, 13.25],
			"faces": {
				"north": {"uv": [0, 0, 0.25, 0.25], "texture": "#0"},
				"east": {"uv": [0, 0, 9.5, 0.25], "texture": "#0"},
				"south": {"uv": [0, 0, 0.25, 0.25], "texture": "#0"},
				"west": {"uv": [0, 0, 9.5, 0.25], "texture": "#0"},
				"up": {"uv": [0, 0, 0.25, 9.5], "texture": "#0"},
				"down": {"uv": [0, 0, 0.25, 9.5], "texture": "#0"}
			}
		},
		{
			"from": [3.25, 13.95, 3.75],
			"to": [3.5, 14.2, 13.25],
			"faces": {
				"north": {"uv": [0, 0, 0.25, 0.25], "texture": "#0"},
				"east": {"uv": [0, 0, 9.5, 0.25], "texture": "#0"},
				"south": {"uv": [0, 0, 0.25, 0.25], "texture": "#0"},
				"west": {"uv": [0, 0, 9.5, 0.25], "texture": "#0"},
				"up": {"uv": [0, 0, 0.25, 9.5], "texture": "#0"},
				"down": {"uv": [0, 0, 0.25, 9.5], "texture": "#0"}
			}
		},
		{
			"from": [3.75, 0.2, 4],
			"to": [13, 14.2, 4.25],
			"faces": {
				"north": {"uv": [0, 0, 9.25, 14], "texture": "#0"},
				"east": {"uv": [0, 0, 0.25, 14], "texture": "#0"},
				"south": {"uv": [0, 0, 9.25, 14], "texture": "#0"},
				"west": {"uv": [0, 0, 0.25, 14], "texture": "#0"},
				"up": {"uv": [0, 0, 9.25, 0.25], "texture": "#0"},
				"down": {"uv": [0, 0, 9.25, 0.25], "texture": "#0"}
			}
		},
		{
			"from": [3.75, 0.2, 12.75],
			"to": [13, 14.2, 13],
			"faces": {
				"north": {"uv": [0, 0, 9.25, 14], "texture": "#0"},
				"east": {"uv": [0, 0, 0.25, 14], "texture": "#0"},
				"south": {"uv": [0, 0, 9.25, 14], "texture": "#0"},
				"west": {"uv": [0, 0, 0.25, 14], "texture": "#0"},
				"up": {"uv": [0, 0, 9.25, 0.25], "texture": "#0"},
				"down": {"uv": [0, 0, 9.25, 0.25], "texture": "#0"}
			}
		},
		{
			"from": [13, 0.2, 4],
			"to": [13.25, 14.2, 13],
			"faces": {
				"north": {"uv": [0, 0, 0.25, 14], "texture": "#0"},
				"east": {"uv": [0, 0, 9, 14], "texture": "#0"},
				"south": {"uv": [0, 0, 0.25, 14], "texture": "#0"},
				"west": {"uv": [0, 0, 9, 14], "texture": "#0"},
				"up": {"uv": [0, 0, 0.25, 9], "texture": "#0"},
				"down": {"uv": [0, 0, 0.25, 9], "texture": "#0"}
			}
		},
		{
			"from": [3.5, 0.2, 4],
			"to": [3.75, 14.2, 13],
			"faces": {
				"north": {"uv": [0, 0, 0.25, 14], "texture": "#0"},
				"east": {"uv": [0, 0, 9, 14], "texture": "#0"},
				"south": {"uv": [0, 0, 0.25, 14], "texture": "#0"},
				"west": {"uv": [0, 0, 9, 14], "texture": "#0"},
				"up": {"uv": [0, 0, 0.25, 9], "texture": "#0"},
				"down": {"uv": [0, 0, 0.25, 9], "texture": "#0"}
			}
		},
		{
			"from": [3.5, 0, 4],
			"to": [13.25, 0.25, 13],
			"faces": {
				"north": {"uv": [0, 0, 9.75, 0.25], "texture": "#0"},
				"east": {"uv": [0, 0, 9, 0.25], "texture": "#0"},
				"south": {"uv": [0, 0, 9.75, 0.25], "texture": "#0"},
				"west": {"uv": [0, 0, 9, 0.25], "texture": "#0"},
				"up": {"uv": [0, 0, 9.75, 9], "texture": "#0"},
				"down": {"uv": [0, 0, 9.75, 9], "texture": "#0"}
			}
		}
	],
	"display": {
		"thirdperson_righthand": {
			"rotation": [90, 0, 0],
			"translation": [-6.25, -1.25, -4]
		}
	},
	"groups": [
		{
			"name": "group",
			"children": [0, 1, 2, 3, 4, 5, 6, 7, 8]
		}
	]
}