{
	"credit": "By Aillyaes",
	"textures": {
		"0": "block/stripped_acacia_log",
		"1": "block/light_blue_concrete",
		"2": "block/dark_oak_planks",
		"particle": "block/stripped_acacia_log"
	},
	"elements": [
		{
			"from": [5, 22.5, 0],
			"to": [11, 23, 3],
			"faces": {
				"north": {"uv": [0, 0, 6, 0.5], "texture": "#0"},
				"east": {"uv": [0, 0, 3, 0.5], "texture": "#0"},
				"south": {"uv": [0, 0, 6, 0.5], "texture": "#0"},
				"west": {"uv": [0, 0, 3, 0.5], "texture": "#0"},
				"up": {"uv": [0, 0, 6, 3], "texture": "#0"},
				"down": {"uv": [0, 0, 6, 3], "texture": "#0"}
			}
		},
		{
			"from": [4, 0, 1],
			"to": [5, 31, 2],
			"faces": {
				"north": {"uv": [0, 0, 1, 16], "texture": "#0"},
				"east": {"uv": [0, 0, 1, 16], "texture": "#0"},
				"south": {"uv": [0, 0, 1, 16], "texture": "#0"},
				"west": {"uv": [0, 0, 1, 16], "texture": "#0"},
				"up": {"uv": [0, 0, 1, 1], "texture": "#0"},
				"down": {"uv": [0, 0, 1, 1], "texture": "#0"}
			}
		},
		{
			"from": [11, 0, 1],
			"to": [12, 31, 2],
			"faces": {
				"north": {"uv": [0, 0, 1, 16], "texture": "#0"},
				"east": {"uv": [0, 0, 1, 16], "texture": "#0"},
				"south": {"uv": [0, 0, 1, 16], "texture": "#0"},
				"west": {"uv": [0, 0, 1, 16], "texture": "#0"},
				"up": {"uv": [0, 0, 1, 1], "texture": "#0"},
				"down": {"uv": [0, 0, 1, 1], "texture": "#0"}
			}
		},
		{
			"from": [14, 0, 14],
			"to": [15, 16, 15],
			"faces": {
				"north": {"uv": [0, 0, 1, 16], "texture": "#0"},
				"east": {"uv": [0, 0, 1, 16], "texture": "#0"},
				"south": {"uv": [0, 0, 1, 16], "texture": "#0"},
				"west": {"uv": [0, 0, 1, 16], "texture": "#0"},
				"up": {"uv": [0, 0, 1, 1], "texture": "#0"},
				"down": {"uv": [0, 0, 1, 1], "texture": "#0"}
			}
		},
		{
			"from": [1, 0, 14],
			"to": [2, 16, 15],
			"faces": {
				"north": {"uv": [0, 0, 1, 16], "texture": "#0"},
				"east": {"uv": [0, 0, 1, 16], "texture": "#0"},
				"south": {"uv": [0, 0, 1, 16], "texture": "#0"},
				"west": {"uv": [0, 0, 1, 16], "texture": "#0"},
				"up": {"uv": [0, 0, 1, 1], "texture": "#0"},
				"down": {"uv": [0, 0, 1, 1], "texture": "#0"}
			}
		},
		{
			"from": [-1, 31, 1],
			"to": [17, 32, 2],
			"faces": {
				"north": {"uv": [0, 0, 16, 1], "texture": "#0"},
				"east": {"uv": [0, 0, 1, 1], "texture": "#0"},
				"south": {"uv": [0, 0, 16, 1], "texture": "#0"},
				"west": {"uv": [0, 0, 1, 1], "texture": "#0"},
				"up": {"uv": [0, 0, 16, 1], "texture": "#0"},
				"down": {"uv": [0, 0, 16, 1], "texture": "#0"}
			}
		},
		{
			"from": [2, 14, 14],
			"to": [14, 15, 15],
			"faces": {
				"north": {"uv": [0, 0, 12, 1], "texture": "#0"},
				"east": {"uv": [0, 0, 1, 1], "texture": "#0"},
				"south": {"uv": [0, 0, 12, 1], "texture": "#0"},
				"west": {"uv": [0, 0, 1, 1], "texture": "#0"},
				"up": {"uv": [0, 0, 12, 1], "texture": "#0"},
				"down": {"uv": [0, 0, 12, 1], "texture": "#0"}
			}
		},
		{
			"from": [2, 1, 14],
			"to": [14, 2, 15],
			"faces": {
				"north": {"uv": [0, 0, 12, 1], "texture": "#0"},
				"east": {"uv": [0, 0, 1, 1], "texture": "#0"},
				"south": {"uv": [0, 0, 12, 1], "texture": "#0"},
				"west": {"uv": [0, 0, 1, 1], "texture": "#0"},
				"up": {"uv": [0, 0, 12, 1], "texture": "#0"},
				"down": {"uv": [0, 0, 12, 1], "texture": "#0"}
			}
		},
		{
			"from": [2, 7.5, 14],
			"to": [14, 8.5, 15],
			"faces": {
				"north": {"uv": [0, 0, 12, 1], "texture": "#0"},
				"east": {"uv": [0, 0, 1, 1], "texture": "#0"},
				"south": {"uv": [0, 0, 12, 1], "texture": "#0"},
				"west": {"uv": [0, 0, 1, 1], "texture": "#0"},
				"up": {"uv": [0, 0, 12, 1], "texture": "#0"},
				"down": {"uv": [0, 0, 12, 1], "texture": "#0"}
			}
		},
		{
			"from": [5, 14, 1],
			"to": [11, 15, 2],
			"faces": {
				"north": {"uv": [0, 0, 6, 1], "texture": "#0"},
				"east": {"uv": [0, 0, 1, 1], "texture": "#0"},
				"south": {"uv": [0, 0, 6, 1], "texture": "#0"},
				"west": {"uv": [0, 0, 1, 1], "texture": "#0"},
				"up": {"uv": [0, 0, 6, 1], "texture": "#0"},
				"down": {"uv": [0, 0, 6, 1], "texture": "#0"}
			}
		},
		{
			"from": [5, 1, 1],
			"to": [11, 2, 2],
			"faces": {
				"north": {"uv": [0, 0, 6, 1], "texture": "#0"},
				"east": {"uv": [0, 0, 1, 1], "texture": "#0"},
				"south": {"uv": [0, 0, 6, 1], "texture": "#0"},
				"west": {"uv": [0, 0, 1, 1], "texture": "#0"},
				"up": {"uv": [0, 0, 6, 1], "texture": "#0"},
				"down": {"uv": [0, 0, 6, 1], "texture": "#0"}
			}
		},
		{
			"from": [5, 7.5, 1],
			"to": [11, 8.5, 2],
			"faces": {
				"north": {"uv": [0, 0, 6, 1], "texture": "#0"},
				"east": {"uv": [0, 0, 1, 1], "texture": "#0"},
				"south": {"uv": [0, 0, 6, 1], "texture": "#0"},
				"west": {"uv": [0, 0, 1, 1], "texture": "#0"},
				"up": {"uv": [0, 0, 6, 1], "texture": "#0"},
				"down": {"uv": [0, 0, 6, 1], "texture": "#0"}
			}
		},
		{
			"from": [4, 14, 2],
			"to": [5, 15, 14],
			"faces": {
				"north": {"uv": [0, 0, 1, 1], "texture": "#0"},
				"east": {"uv": [0, 0, 12, 1], "texture": "#0"},
				"south": {"uv": [0, 0, 1, 1], "texture": "#0"},
				"west": {"uv": [0, 0, 12, 1], "texture": "#0"},
				"up": {"uv": [0, 0, 1, 12], "texture": "#0"},
				"down": {"uv": [0, 0, 1, 12], "texture": "#0"}
			}
		},
		{
			"from": [11, 14, 2],
			"to": [12, 15, 14],
			"faces": {
				"north": {"uv": [0, 0, 1, 1], "texture": "#0"},
				"east": {"uv": [0, 0, 12, 1], "texture": "#0"},
				"south": {"uv": [0, 0, 1, 1], "texture": "#0"},
				"west": {"uv": [0, 0, 12, 1], "texture": "#0"},
				"up": {"uv": [0, 0, 1, 12], "texture": "#0"},
				"down": {"uv": [0, 0, 1, 12], "texture": "#0"}
			}
		},
		{
			"from": [4, 7.5, 2],
			"to": [5, 8.5, 14],
			"faces": {
				"north": {"uv": [0, 0, 1, 1], "texture": "#0"},
				"east": {"uv": [0, 0, 12, 1], "texture": "#0"},
				"south": {"uv": [0, 0, 1, 1], "texture": "#0"},
				"west": {"uv": [0, 0, 12, 1], "texture": "#0"},
				"up": {"uv": [0, 0, 1, 12], "texture": "#0"},
				"down": {"uv": [0, 0, 1, 12], "texture": "#0"}
			}
		},
		{
			"from": [11, 7.5, 2],
			"to": [12, 8.5, 14],
			"faces": {
				"north": {"uv": [0, 0, 1, 1], "texture": "#0"},
				"east": {"uv": [0, 0, 12, 1], "texture": "#0"},
				"south": {"uv": [0, 0, 1, 1], "texture": "#0"},
				"west": {"uv": [0, 0, 12, 1], "texture": "#0"},
				"up": {"uv": [0, 0, 1, 12], "texture": "#0"},
				"down": {"uv": [0, 0, 1, 12], "texture": "#0"}
			}
		},
		{
			"from": [4, 1, 2],
			"to": [5, 2, 14],
			"faces": {
				"north": {"uv": [0, 0, 1, 1], "texture": "#0"},
				"east": {"uv": [0, 0, 12, 1], "texture": "#0"},
				"south": {"uv": [0, 0, 1, 1], "texture": "#0"},
				"west": {"uv": [0, 0, 12, 1], "texture": "#0"},
				"up": {"uv": [0, 0, 1, 12], "texture": "#0"},
				"down": {"uv": [0, 0, 1, 12], "texture": "#0"}
			}
		},
		{
			"from": [11, 1, 2],
			"to": [12, 2, 14],
			"faces": {
				"north": {"uv": [0, 0, 1, 1], "texture": "#0"},
				"east": {"uv": [0, 0, 12, 1], "texture": "#0"},
				"south": {"uv": [0, 0, 1, 1], "texture": "#0"},
				"west": {"uv": [0, 0, 12, 1], "texture": "#0"},
				"up": {"uv": [0, 0, 1, 12], "texture": "#0"},
				"down": {"uv": [0, 0, 1, 12], "texture": "#0"}
			}
		},
		{
			"from": [5, 14, 7.5],
			"to": [11, 15, 8.5],
			"faces": {
				"north": {"uv": [0, 0, 6, 1], "texture": "#0"},
				"east": {"uv": [0, 0, 1, 1], "texture": "#0"},
				"south": {"uv": [0, 0, 6, 1], "texture": "#0"},
				"west": {"uv": [0, 0, 1, 1], "texture": "#0"},
				"up": {"uv": [0, 0, 6, 1], "texture": "#0"},
				"down": {"uv": [0, 0, 6, 1], "texture": "#0"}
			}
		},
		{
			"from": [5, 7.5, 7.5],
			"to": [11, 8.5, 8.5],
			"faces": {
				"north": {"uv": [0, 0, 6, 1], "texture": "#0"},
				"east": {"uv": [0, 0, 1, 1], "texture": "#0"},
				"south": {"uv": [0, 0, 6, 1], "texture": "#0"},
				"west": {"uv": [0, 0, 1, 1], "texture": "#0"},
				"up": {"uv": [0, 0, 6, 1], "texture": "#0"},
				"down": {"uv": [0, 0, 6, 1], "texture": "#0"}
			}
		},
		{
			"from": [5, 1, 7.5],
			"to": [11, 2, 8.5],
			"faces": {
				"north": {"uv": [0, 0, 6, 1], "texture": "#0"},
				"east": {"uv": [0, 0, 1, 1], "texture": "#0"},
				"south": {"uv": [0, 0, 6, 1], "texture": "#0"},
				"west": {"uv": [0, 0, 1, 1], "texture": "#0"},
				"up": {"uv": [0, 0, 6, 1], "texture": "#0"},
				"down": {"uv": [0, 0, 6, 1], "texture": "#0"}
			}
		},
		{
			"from": [1, 16, 14],
			"to": [1.5, 17, 15],
			"faces": {
				"north": {"uv": [0, 0, 0.5, 1], "texture": "#0"},
				"east": {"uv": [0, 0, 1, 1], "texture": "#0"},
				"south": {"uv": [0, 0, 0.5, 1], "texture": "#0"},
				"west": {"uv": [0, 0, 1, 1], "texture": "#0"},
				"up": {"uv": [0, 0, 0.5, 1], "texture": "#0"},
				"down": {"uv": [0, 0, 0.5, 1], "texture": "#0"}
			}
		},
		{
			"from": [14.5, 16, 14],
			"to": [15, 17, 15],
			"faces": {
				"north": {"uv": [0, 0, 0.5, 1], "texture": "#0"},
				"east": {"uv": [0, 0, 1, 1], "texture": "#0"},
				"south": {"uv": [0, 0, 0.5, 1], "texture": "#0"},
				"west": {"uv": [0, 0, 1, 1], "texture": "#0"},
				"up": {"uv": [0, 0, 0.5, 1], "texture": "#0"},
				"down": {"uv": [0, 0, 0.5, 1], "texture": "#0"}
			}
		},
		{
			"from": [-2, 31.5, 1],
			"to": [-1, 32, 2],
			"faces": {
				"north": {"uv": [0, 0, 1, 0.5], "texture": "#0"},
				"east": {"uv": [0, 0, 1, 0.5], "texture": "#0"},
				"south": {"uv": [0, 0, 1, 0.5], "texture": "#0"},
				"west": {"uv": [0, 0, 1, 0.5], "texture": "#0"},
				"up": {"uv": [0, 0, 1, 1], "texture": "#0"},
				"down": {"uv": [0, 0, 1, 1], "texture": "#0"}
			}
		},
		{
			"from": [17, 31.5, 1],
			"to": [18, 32, 2],
			"faces": {
				"north": {"uv": [0, 0, 1, 0.5], "texture": "#0"},
				"east": {"uv": [0, 0, 1, 0.5], "texture": "#0"},
				"south": {"uv": [0, 0, 1, 0.5], "texture": "#0"},
				"west": {"uv": [0, 0, 1, 0.5], "texture": "#0"},
				"up": {"uv": [0, 0, 1, 1], "texture": "#0"},
				"down": {"uv": [0, 0, 1, 1], "texture": "#0"}
			}
		},
		{
			"from": [3, 15, 3],
			"to": [13, 15.25, 13],
			"faces": {
				"north": {"uv": [0, 0, 10, 0.25], "texture": "#1"},
				"east": {"uv": [0, 0, 10, 0.25], "texture": "#1"},
				"south": {"uv": [0, 0, 10, 0.25], "texture": "#1"},
				"west": {"uv": [0, 0, 10, 0.25], "texture": "#1"},
				"up": {"uv": [0, 0, 10, 10], "texture": "#1"},
				"down": {"uv": [0, 0, 10, 10], "texture": "#1"}
			}
		},
		{
			"from": [3, 15.25, 3],
			"to": [3.25, 18, 13],
			"faces": {
				"north": {"uv": [0, 0, 0.25, 2.75], "texture": "#1"},
				"east": {"uv": [0, 0, 10, 2.75], "texture": "#1"},
				"south": {"uv": [0, 0, 0.25, 2.75], "texture": "#1"},
				"west": {"uv": [0, 0, 10, 2.75], "texture": "#1"},
				"up": {"uv": [0, 0, 0.25, 10], "texture": "#1"},
				"down": {"uv": [0, 0, 0.25, 10], "texture": "#1"}
			}
		},
		{
			"from": [12.75, 15.25, 3],
			"to": [13, 18, 13],
			"faces": {
				"north": {"uv": [0, 0, 0.25, 2.75], "texture": "#1"},
				"east": {"uv": [0, 0, 10, 2.75], "texture": "#1"},
				"south": {"uv": [0, 0, 0.25, 2.75], "texture": "#1"},
				"west": {"uv": [0, 0, 10, 2.75], "texture": "#1"},
				"up": {"uv": [0, 0, 0.25, 10], "texture": "#1"},
				"down": {"uv": [0, 0, 0.25, 10], "texture": "#1"}
			}
		},
		{
			"from": [3.25, 15.25, 12.75],
			"to": [12.75, 18, 13],
			"faces": {
				"north": {"uv": [0, 0, 9.5, 2.75], "texture": "#1"},
				"east": {"uv": [0, 0, 0.25, 2.75], "texture": "#1"},
				"south": {"uv": [0, 0, 9.5, 2.75], "texture": "#1"},
				"west": {"uv": [0, 0, 0.25, 2.75], "texture": "#1"},
				"up": {"uv": [0, 0, 9.5, 0.25], "texture": "#1"},
				"down": {"uv": [0, 0, 9.5, 0.25], "texture": "#1"}
			}
		},
		{
			"from": [3.25, 15.25, 3],
			"to": [12.75, 18, 3.25],
			"faces": {
				"north": {"uv": [0, 0, 9.5, 2.75], "texture": "#1"},
				"east": {"uv": [0, 0, 0.25, 2.75], "texture": "#1"},
				"south": {"uv": [0, 0, 9.5, 2.75], "texture": "#1"},
				"west": {"uv": [0, 0, 0.25, 2.75], "texture": "#1"},
				"up": {"uv": [0, 0, 9.5, 0.25], "texture": "#1"},
				"down": {"uv": [0, 0, 9.5, 0.25], "texture": "#1"}
			}
		},
		{
			"from": [3.25, 8.75, 12.75],
			"to": [12.75, 11.5, 13],
			"faces": {
				"north": {"uv": [0, 0, 9.5, 2.75], "texture": "#2"},
				"east": {"uv": [0, 0, 0.25, 2.75], "texture": "#2"},
				"south": {"uv": [0, 0, 9.5, 2.75], "texture": "#2"},
				"west": {"uv": [0, 0, 0.25, 2.75], "texture": "#2"},
				"up": {"uv": [0, 0, 9.5, 0.25], "texture": "#2"},
				"down": {"uv": [0, 0, 9.5, 0.25], "texture": "#2"}
			}
		},
		{
			"from": [12.75, 8.75, 3],
			"to": [13, 11.5, 13],
			"faces": {
				"north": {"uv": [0, 0, 0.25, 2.75], "texture": "#2"},
				"east": {"uv": [0, 0, 10, 2.75], "texture": "#2"},
				"south": {"uv": [0, 0, 0.25, 2.75], "texture": "#2"},
				"west": {"uv": [0, 0, 10, 2.75], "texture": "#2"},
				"up": {"uv": [0, 0, 0.25, 10], "texture": "#2"},
				"down": {"uv": [0, 0, 0.25, 10], "texture": "#2"}
			}
		},
		{
			"from": [3, 8.75, 3],
			"to": [3.25, 11.5, 13],
			"faces": {
				"north": {"uv": [0, 0, 0.25, 2.75], "texture": "#2"},
				"east": {"uv": [0, 0, 10, 2.75], "texture": "#2"},
				"south": {"uv": [0, 0, 0.25, 2.75], "texture": "#2"},
				"west": {"uv": [0, 0, 10, 2.75], "texture": "#2"},
				"up": {"uv": [0, 0, 0.25, 10], "texture": "#2"},
				"down": {"uv": [0, 0, 0.25, 10], "texture": "#2"}
			}
		},
		{
			"from": [3, 8.5, 3],
			"to": [13, 8.75, 13],
			"faces": {
				"north": {"uv": [0, 0, 10, 0.25], "texture": "#2"},
				"east": {"uv": [0, 0, 10, 0.25], "texture": "#2"},
				"south": {"uv": [0, 0, 10, 0.25], "texture": "#2"},
				"west": {"uv": [0, 0, 10, 0.25], "texture": "#2"},
				"up": {"uv": [0, 0, 10, 10], "texture": "#2"},
				"down": {"uv": [0, 0, 10, 10], "texture": "#2"}
			}
		},
		{
			"from": [3.25, 8.75, 3],
			"to": [12.75, 11.5, 3.25],
			"faces": {
				"north": {"uv": [0, 0, 9.5, 2.75], "texture": "#2"},
				"east": {"uv": [0, 0, 0.25, 2.75], "texture": "#2"},
				"south": {"uv": [0, 0, 9.5, 2.75], "texture": "#2"},
				"west": {"uv": [0, 0, 0.25, 2.75], "texture": "#2"},
				"up": {"uv": [0, 0, 9.5, 0.25], "texture": "#2"},
				"down": {"uv": [0, 0, 9.5, 0.25], "texture": "#2"}
			}
		}
	],
	"display": {
		"thirdperson_righthand": {
			"rotation": [90, 0, 0],
			"translation": [-6, -2.5, -4]
		}
	},
	"groups": [
		{
			"name": "group",
			"children": [0, 1, 2, 3, 4, 5, 6, 7, 8, 9, 10, 11, 12, 13, 14, 15, 16, 17, 18, 19, 20, 21, 22, 23, 24]
		}, 25, 26, 27, 28, 29, 30, 31, 32, 33, 34]
}