{
	"credit": "By Aillyaes",
	"textures": {
		"0": "block/spruce_planks",
		"1": "block/iron_block",
		"particle": "block/spruce_planks"
	},
	"elements": [
		{
			"from": [14, 0, 1],
			"to": [15, 1, 2],
			"faces": {
				"north": {"uv": [0, 0, 1, 1], "texture": "#0"},
				"east": {"uv": [0, 0, 1, 1], "texture": "#0"},
				"south": {"uv": [0, 0, 1, 1], "texture": "#0"},
				"west": {"uv": [0, 0, 1, 1], "texture": "#0"},
				"up": {"uv": [0, 0, 1, 1], "texture": "#0"},
				"down": {"uv": [0, 0, 1, 1], "texture": "#0"}
			}
		},
		{
			"from": [-5, 0, 1],
			"to": [-4, 1, 2],
			"faces": {
				"north": {"uv": [0, 0, 1, 1], "texture": "#0"},
				"east": {"uv": [0, 0, 1, 1], "texture": "#0"},
				"south": {"uv": [0, 0, 1, 1], "texture": "#0"},
				"west": {"uv": [0, 0, 1, 1], "texture": "#0"},
				"up": {"uv": [0, 0, 1, 1], "texture": "#0"},
				"down": {"uv": [0, 0, 1, 1], "texture": "#0"}
			}
		},
		{
			"from": [-5, 0, 14],
			"to": [-4, 1, 15],
			"faces": {
				"north": {"uv": [0, 0, 1, 1], "texture": "#0"},
				"east": {"uv": [0, 0, 1, 1], "texture": "#0"},
				"south": {"uv": [0, 0, 1, 1], "texture": "#0"},
				"west": {"uv": [0, 0, 1, 1], "texture": "#0"},
				"up": {"uv": [0, 0, 1, 1], "texture": "#0"},
				"down": {"uv": [0, 0, 1, 1], "texture": "#0"}
			}
		},
		{
			"from": [14, 0, 14],
			"to": [15, 1, 15],
			"faces": {
				"north": {"uv": [0, 0, 1, 1], "texture": "#0"},
				"east": {"uv": [0, 0, 1, 1], "texture": "#0"},
				"south": {"uv": [0, 0, 1, 1], "texture": "#0"},
				"west": {"uv": [0, 0, 1, 1], "texture": "#0"},
				"up": {"uv": [0, 0, 1, 1], "texture": "#0"},
				"down": {"uv": [0, 0, 1, 1], "texture": "#0"}
			}
		},
		{
			"from": [17, 1, 1],
			"to": [18, 18, 15],
			"faces": {
				"north": {"uv": [0, 0, 1, 16], "texture": "#0"},
				"east": {"uv": [0, 0, 14, 16], "texture": "#0"},
				"south": {"uv": [0, 0, 1, 16], "texture": "#0"},
				"west": {"uv": [0, 0, 14, 16], "texture": "#0"},
				"up": {"uv": [0, 0, 1, 14], "texture": "#0"},
				"down": {"uv": [0, 0, 1, 14], "texture": "#0"}
			}
		},
		{
			"from": [-5, 1, 1],
			"to": [14, 2, 15],
			"faces": {
				"north": {"uv": [0, 0, 16, 1], "texture": "#0"},
				"east": {"uv": [0, 0, 14, 1], "texture": "#0"},
				"south": {"uv": [0, 0, 16, 1], "texture": "#0"},
				"west": {"uv": [0, 0, 14, 1], "texture": "#0"},
				"up": {"uv": [0, 0, 16, 14], "texture": "#0"},
				"down": {"uv": [0, 0, 16, 14], "texture": "#0"}
			}
		},
		{
			"from": [-5, 14, 1],
			"to": [14, 15, 10],
			"faces": {
				"north": {"uv": [0, 0, 16, 1], "texture": "#0"},
				"east": {"uv": [0, 0, 9, 1], "texture": "#0"},
				"south": {"uv": [0, 0, 16, 1], "texture": "#0"},
				"west": {"uv": [0, 0, 9, 1], "texture": "#0"},
				"up": {"uv": [0, 0, 16, 9], "texture": "#0"},
				"down": {"uv": [0, 0, 16, 9], "texture": "#0"}
			}
		},
		{
			"from": [13, 7.5, 7.5],
			"to": [14, 8.5, 8.5],
			"faces": {
				"north": {"uv": [0, 0, 1, 1], "texture": "#1"},
				"east": {"uv": [0, 0, 1, 1], "texture": "#1"},
				"south": {"uv": [0, 0, 1, 1], "texture": "#1"},
				"west": {"uv": [0, 0, 1, 1], "texture": "#1"},
				"up": {"uv": [0, 0, 1, 1], "texture": "#1"},
				"down": {"uv": [0, 0, 1, 1], "texture": "#1"}
			}
		},
		{
			"from": [4, 13.5, 10],
			"to": [15, 14.5, 14],
			"rotation": {"angle": -22.5, "axis": "z", "origin": [5.5, 14.5, 12.5]},
			"faces": {
				"north": {"uv": [0, 0, 11, 1], "texture": "#0"},
				"east": {"uv": [0, 0, 4, 1], "texture": "#0"},
				"south": {"uv": [0, 0, 11, 1], "texture": "#0"},
				"west": {"uv": [0, 0, 4, 1], "texture": "#0"},
				"up": {"uv": [0, 0, 11, 4], "texture": "#0"},
				"down": {"uv": [0, 0, 11, 4], "texture": "#0"}
			}
		},
		{
			"from": [-5, 14, 10],
			"to": [4, 15, 15],
			"faces": {
				"north": {"uv": [0, 0, 9, 1], "texture": "#0"},
				"east": {"uv": [0, 0, 5, 1], "texture": "#0"},
				"south": {"uv": [0, 0, 9, 1], "texture": "#0"},
				"west": {"uv": [0, 0, 5, 1], "texture": "#0"},
				"up": {"uv": [0, 0, 9, 5], "texture": "#0"},
				"down": {"uv": [0, 0, 9, 5], "texture": "#0"}
			}
		},
		{
			"from": [4, 6, 14],
			"to": [14, 15, 15],
			"faces": {
				"north": {"uv": [0, 0, 10, 9], "texture": "#0"},
				"east": {"uv": [0, 0, 1, 9], "texture": "#0"},
				"south": {"uv": [0, 0, 10, 9], "texture": "#0"},
				"west": {"uv": [0, 0, 1, 9], "texture": "#0"},
				"up": {"uv": [0, 0, 10, 1], "texture": "#0"},
				"down": {"uv": [0, 0, 10, 1], "texture": "#0"}
			}
		},
		{
			"from": [4, 10, 9],
			"to": [14, 14, 10],
			"faces": {
				"north": {"uv": [0, 0, 10, 4], "texture": "#0"},
				"east": {"uv": [0, 0, 1, 4], "texture": "#0"},
				"south": {"uv": [0, 0, 10, 4], "texture": "#0"},
				"west": {"uv": [0, 0, 1, 4], "texture": "#0"},
				"up": {"uv": [0, 0, 10, 1], "texture": "#0"},
				"down": {"uv": [0, 0, 10, 1], "texture": "#0"}
			}
		},
		{
			"from": [7, 6.5, 6.5],
			"to": [13, 9.5, 9.5],
			"faces": {
				"north": {"uv": [0, 0, 6, 3], "texture": "#1"},
				"east": {"uv": [0, 0, 3, 3], "texture": "#1"},
				"south": {"uv": [0, 0, 6, 3], "texture": "#1"},
				"west": {"uv": [0, 0, 3, 3], "texture": "#1"},
				"up": {"uv": [0, 0, 6, 3], "texture": "#1"},
				"down": {"uv": [0, 0, 6, 3], "texture": "#1"}
			}
		},
		{
			"from": [-5, 5, 1],
			"to": [14, 6, 15],
			"faces": {
				"north": {"uv": [0, 0, 16, 1], "texture": "#0"},
				"east": {"uv": [0, 0, 14, 1], "texture": "#0"},
				"south": {"uv": [0, 0, 16, 1], "texture": "#0"},
				"west": {"uv": [0, 0, 14, 1], "texture": "#0"},
				"up": {"uv": [0, 0, 16, 14], "texture": "#0"},
				"down": {"uv": [0, 0, 16, 14], "texture": "#0"}
			}
		},
		{
			"from": [-5, 2, 1],
			"to": [-4, 5, 2],
			"faces": {
				"north": {"uv": [0, 0, 1, 3], "texture": "#0"},
				"east": {"uv": [0, 0, 1, 3], "texture": "#0"},
				"south": {"uv": [0, 0, 1, 3], "texture": "#0"},
				"west": {"uv": [0, 0, 1, 3], "texture": "#0"},
				"up": {"uv": [0, 0, 1, 1], "texture": "#0"},
				"down": {"uv": [0, 0, 1, 1], "texture": "#0"}
			}
		},
		{
			"from": [-5, 2, 14],
			"to": [-4, 5, 15],
			"faces": {
				"north": {"uv": [0, 0, 1, 3], "texture": "#0"},
				"east": {"uv": [0, 0, 1, 3], "texture": "#0"},
				"south": {"uv": [0, 0, 1, 3], "texture": "#0"},
				"west": {"uv": [0, 0, 1, 3], "texture": "#0"},
				"up": {"uv": [0, 0, 1, 1], "texture": "#0"},
				"down": {"uv": [0, 0, 1, 1], "texture": "#0"}
			}
		},
		{
			"from": [13, 2, 14],
			"to": [14, 5, 15],
			"faces": {
				"north": {"uv": [0, 0, 1, 3], "texture": "#0"},
				"east": {"uv": [0, 0, 1, 3], "texture": "#0"},
				"south": {"uv": [0, 0, 1, 3], "texture": "#0"},
				"west": {"uv": [0, 0, 1, 3], "texture": "#0"},
				"up": {"uv": [0, 0, 1, 1], "texture": "#0"},
				"down": {"uv": [0, 0, 1, 1], "texture": "#0"}
			}
		},
		{
			"from": [13, 2, 1],
			"to": [14, 5, 2],
			"faces": {
				"north": {"uv": [0, 0, 1, 3], "texture": "#0"},
				"east": {"uv": [0, 0, 1, 3], "texture": "#0"},
				"south": {"uv": [0, 0, 1, 3], "texture": "#0"},
				"west": {"uv": [0, 0, 1, 3], "texture": "#0"},
				"up": {"uv": [0, 0, 1, 1], "texture": "#0"},
				"down": {"uv": [0, 0, 1, 1], "texture": "#0"}
			}
		},
		{
			"from": [13, 6, 1],
			"to": [14, 14, 2],
			"faces": {
				"north": {"uv": [0, 0, 1, 8], "texture": "#0"},
				"east": {"uv": [0, 0, 1, 8], "texture": "#0"},
				"south": {"uv": [0, 0, 1, 8], "texture": "#0"},
				"west": {"uv": [0, 0, 1, 8], "texture": "#0"},
				"up": {"uv": [0, 0, 1, 1], "texture": "#0"},
				"down": {"uv": [0, 0, 1, 1], "texture": "#0"}
			}
		},
		{
			"from": [-5, 6, 1],
			"to": [-4, 14, 2],
			"faces": {
				"north": {"uv": [0, 0, 1, 8], "texture": "#0"},
				"east": {"uv": [0, 0, 1, 8], "texture": "#0"},
				"south": {"uv": [0, 0, 1, 8], "texture": "#0"},
				"west": {"uv": [0, 0, 1, 8], "texture": "#0"},
				"up": {"uv": [0, 0, 1, 1], "texture": "#0"},
				"down": {"uv": [0, 0, 1, 1], "texture": "#0"}
			}
		},
		{
			"from": [-5, 6, 14],
			"to": [-4, 14, 15],
			"faces": {
				"north": {"uv": [0, 0, 1, 8], "texture": "#0"},
				"east": {"uv": [0, 0, 1, 8], "texture": "#0"},
				"south": {"uv": [0, 0, 1, 8], "texture": "#0"},
				"west": {"uv": [0, 0, 1, 8], "texture": "#0"},
				"up": {"uv": [0, 0, 1, 1], "texture": "#0"},
				"down": {"uv": [0, 0, 1, 1], "texture": "#0"}
			}
		},
		{
			"from": [3, 10, 9],
			"to": [4, 14, 15],
			"faces": {
				"north": {"uv": [0, 0, 1, 4], "texture": "#0"},
				"east": {"uv": [0, 0, 6, 4], "texture": "#0"},
				"south": {"uv": [0, 0, 1, 4], "texture": "#0"},
				"west": {"uv": [0, 0, 6, 4], "texture": "#0"},
				"up": {"uv": [0, 0, 1, 6], "texture": "#0"},
				"down": {"uv": [0, 0, 1, 6], "texture": "#0"}
			}
		},
		{
			"from": [11, 6, 6],
			"to": [12, 6.5, 10],
			"faces": {
				"north": {"uv": [0, 0, 1, 0.5], "texture": "#0"},
				"east": {"uv": [0, 0, 4, 0.5], "texture": "#0"},
				"south": {"uv": [0, 0, 1, 0.5], "texture": "#0"},
				"west": {"uv": [0, 0, 4, 0.5], "texture": "#0"},
				"up": {"uv": [0, 0, 1, 4], "texture": "#0"},
				"down": {"uv": [0, 0, 1, 4], "texture": "#0"}
			}
		},
		{
			"from": [7, 6, 6],
			"to": [8, 6.5, 10],
			"faces": {
				"north": {"uv": [0, 0, 1, 0.5], "texture": "#0"},
				"east": {"uv": [0, 0, 4, 0.5], "texture": "#0"},
				"south": {"uv": [0, 0, 1, 0.5], "texture": "#0"},
				"west": {"uv": [0, 0, 4, 0.5], "texture": "#0"},
				"up": {"uv": [0, 0, 1, 4], "texture": "#0"},
				"down": {"uv": [0, 0, 1, 4], "texture": "#0"}
			}
		},
		{
			"from": [18, 8, 1],
			"to": [19, 10, 2],
			"faces": {
				"north": {"uv": [0, 3, 1, 5], "texture": "#0"},
				"east": {"uv": [0, 3, 1, 5], "texture": "#0"},
				"south": {"uv": [0, 3, 1, 5], "texture": "#0"},
				"west": {"uv": [0, 0, 1, 2], "texture": "#0"},
				"up": {"uv": [0, 3, 1, 4], "texture": "#0"},
				"down": {"uv": [0, 0, 1, 1], "texture": "#0"}
			}
		},
		{
			"from": [14, 1, 1],
			"to": [17, 18, 2],
			"faces": {
				"north": {"uv": [0, 0, 3, 16], "texture": "#0"},
				"east": {"uv": [0, 0, 1, 16], "texture": "#0"},
				"south": {"uv": [0, 0, 3, 16], "texture": "#0"},
				"west": {"uv": [0, 0, 1, 16], "texture": "#0"},
				"up": {"uv": [0, 0, 3, 1], "texture": "#0"},
				"down": {"uv": [0, 0, 3, 1], "texture": "#0"}
			}
		},
		{
			"from": [14, 1, 14],
			"to": [17, 18, 15],
			"faces": {
				"north": {"uv": [0, 0, 3, 16], "texture": "#0"},
				"east": {"uv": [0, 0, 1, 16], "texture": "#0"},
				"south": {"uv": [0, 0, 3, 16], "texture": "#0"},
				"west": {"uv": [0, 0, 1, 16], "texture": "#0"},
				"up": {"uv": [0, 0, 3, 1], "texture": "#0"},
				"down": {"uv": [0, 0, 3, 1], "texture": "#0"}
			}
		},
		{
			"from": [14, 17, 2],
			"to": [17, 18, 14],
			"faces": {
				"north": {"uv": [0, 0, 3, 1], "texture": "#0"},
				"east": {"uv": [0, 0, 12, 1], "texture": "#0"},
				"south": {"uv": [0, 0, 3, 1], "texture": "#0"},
				"west": {"uv": [0, 0, 12, 1], "texture": "#0"},
				"up": {"uv": [0, 0, 3, 12], "texture": "#0"},
				"down": {"uv": [0, 0, 3, 12], "texture": "#0"}
			}
		},
		{
			"from": [14, 15, 2],
			"to": [15, 17, 14],
			"faces": {
				"north": {"uv": [0, 0, 1, 2], "texture": "#0"},
				"east": {"uv": [0, 0, 12, 2], "texture": "#0"},
				"south": {"uv": [0, 0, 1, 2], "texture": "#0"},
				"west": {"uv": [0, 1, 12, 3], "texture": "#0"},
				"up": {"uv": [0, 0, 1, 12], "texture": "#0"},
				"down": {"uv": [0, 0, 1, 12], "texture": "#0"}
			}
		},
		{
			"from": [14, 1, 2],
			"to": [15, 11, 14],
			"faces": {
				"north": {"uv": [0, 0, 1, 2], "texture": "#0"},
				"east": {"uv": [0, 0, 12, 2], "texture": "#0"},
				"south": {"uv": [0, 0, 1, 2], "texture": "#0"},
				"west": {"uv": [0, 0, 12, 10], "texture": "#0"},
				"up": {"uv": [0, 0, 1, 12], "texture": "#0"},
				"down": {"uv": [0, 0, 1, 12], "texture": "#0"}
			}
		},
		{
			"from": [14, 11, 2],
			"to": [15, 15, 10],
			"faces": {
				"north": {"uv": [0, 0, 1, 2], "texture": "#0"},
				"east": {"uv": [0, 0, 12, 2], "texture": "#0"},
				"south": {"uv": [0, 0, 1, 4], "texture": "#0"},
				"west": {"uv": [0, 0, 8, 4], "texture": "#0"},
				"up": {"uv": [0, 0, 1, 12], "texture": "#0"},
				"down": {"uv": [0, 0, 1, 12], "texture": "#0"}
			}
		}
	],
	"display": {
		"thirdperson_righthand": {
			"rotation": [90, 0, 0],
			"translation": [-3.25, -2, -4]
		}
	}
}