{
	"credit": "Made with Blockbench",
	"textures": {
		"0": "block/dark_oak_planks",
		"2": "block/stonecutter_bottom",
		"3": "block/light_gray_concrete",
		"4": "block/mushroom_stem",
		"particle": "block/dark_oak_planks"
	},
	"elements": [
		{
			"from": [1, 0, 1.75],
			"to": [4, 0.5, 3.25],
			"faces": {
				"north": {"uv": [0, 0, 3, 0.5], "texture": "#2"},
				"east": {"uv": [0, 0, 1.5, 0.5], "texture": "#2"},
				"south": {"uv": [0, 0, 3, 0.5], "texture": "#2"},
				"west": {"uv": [0, 0, 1.5, 0.5], "texture": "#2"},
				"up": {"uv": [0, 0, 3, 1.5], "texture": "#2"},
				"down": {"uv": [0, 0, 3, 1.5], "texture": "#2"}
			}
		},
		{
			"from": [2, 0.5, 2],
			"to": [3, 14.5, 3],
			"faces": {
				"north": {"uv": [0, 0, 1, 14], "texture": "#4"},
				"east": {"uv": [0, 0, 1, 14], "texture": "#4"},
				"south": {"uv": [0, 0, 1, 14], "texture": "#4"},
				"west": {"uv": [0, 0, 1, 14], "texture": "#4"},
				"up": {"uv": [0, 0, 1, 1], "texture": "#4"},
				"down": {"uv": [0, 0, 1, 1], "texture": "#4"}
			}
		},
		{
			"from": [2, 15.5, 2],
			"to": [3, 16.5, 5],
			"faces": {
				"north": {"uv": [0, 0, 1, 1], "texture": "#3"},
				"east": {"uv": [0, 0, 3, 1], "texture": "#3"},
				"south": {"uv": [0, 0, 1, 1], "texture": "#3"},
				"west": {"uv": [0, 0, 3, 1], "texture": "#3"},
				"up": {"uv": [0, 0, 1, 3], "texture": "#3"},
				"down": {"uv": [0, 0, 1, 3], "texture": "#3"}
			}
		},
		{
			"from": [2, 16.5, 2],
			"to": [3, 17.5, 3],
			"faces": {
				"north": {"uv": [0, 0, 1, 1], "texture": "#3"},
				"east": {"uv": [0, 0, 1, 1], "texture": "#3"},
				"south": {"uv": [0, 0, 1, 1], "texture": "#3"},
				"west": {"uv": [0, 0, 1, 1], "texture": "#3"},
				"up": {"uv": [0, 0, 1, 1], "texture": "#3"},
				"down": {"uv": [0, 0, 1, 1], "texture": "#3"}
			}
		},
		{
			"from": [2, 17.3, 3],
			"to": [3, 17.5, 4.7],
			"faces": {
				"north": {"uv": [0, 0, 1, 0.2], "texture": "#3"},
				"east": {"uv": [0, 0, 1.7, 0.2], "texture": "#3"},
				"south": {"uv": [0, 0, 1, 0.2], "texture": "#3"},
				"west": {"uv": [0, 0, 1.7, 0.2], "texture": "#3"},
				"up": {"uv": [0, 0, 1, 1.7], "texture": "#3"},
				"down": {"uv": [0, 0, 1, 1.7], "texture": "#3"}
			}
		},
		{
			"from": [2.3, 15.1, 4.25],
			"to": [2.8, 15.5, 4.75],
			"faces": {
				"north": {"uv": [0, 0, 0.5, 0.4], "texture": "#3"},
				"east": {"uv": [0, 0, 0.5, 0.4], "texture": "#3"},
				"south": {"uv": [0, 0, 0.5, 0.4], "texture": "#3"},
				"west": {"uv": [0, 0, 0.5, 0.4], "texture": "#3"},
				"up": {"uv": [0, 0, 0.5, 0.5], "texture": "#3"},
				"down": {"uv": [0, 0, 0.5, 0.5], "texture": "#3"}
			}
		},
		{
			"from": [0, 0, 3.5],
			"to": [5, 0.2, 8.5],
			"faces": {
				"north": {"uv": [0, 0, 5, 0.2], "texture": "#0"},
				"east": {"uv": [0, 0, 5, 0.2], "texture": "#0"},
				"south": {"uv": [0, 0, 5, 0.2], "texture": "#0"},
				"west": {"uv": [0, 0, 5, 0.2], "texture": "#0"},
				"up": {"uv": [0, 0, 5, 5], "texture": "#0"},
				"down": {"uv": [0, 0, 5, 5], "texture": "#0"}
			}
		},
		{
			"from": [0, 0.2, 3.5],
			"to": [0.2, 2.2, 8.5],
			"faces": {
				"north": {"uv": [0, 0, 0.2, 2], "texture": "#0"},
				"east": {"uv": [0, 0, 5, 2], "texture": "#0"},
				"south": {"uv": [0, 0, 0.2, 2], "texture": "#0"},
				"west": {"uv": [0, 0, 5, 2], "texture": "#0"},
				"up": {"uv": [0, 0, 0.2, 5], "texture": "#0"},
				"down": {"uv": [0, 0, 0.2, 5], "texture": "#0"}
			}
		},
		{
			"from": [4.8, 0.2, 3.5],
			"to": [5, 2.2, 8.5],
			"faces": {
				"north": {"uv": [0, 0, 0.2, 2], "texture": "#0"},
				"east": {"uv": [0, 0, 5, 2], "texture": "#0"},
				"south": {"uv": [0, 0, 0.2, 2], "texture": "#0"},
				"west": {"uv": [0, 0, 5, 2], "texture": "#0"},
				"up": {"uv": [0, 0, 0.2, 5], "texture": "#0"},
				"down": {"uv": [0, 0, 0.2, 5], "texture": "#0"}
			}
		},
		{
			"from": [0.2, 0.2, 8.3],
			"to": [4.8, 2.2, 8.5],
			"faces": {
				"north": {"uv": [0, 0, 4.6, 2], "texture": "#0"},
				"east": {"uv": [0, 0, 0.2, 2], "texture": "#0"},
				"south": {"uv": [0, 0, 4.6, 2], "texture": "#0"},
				"west": {"uv": [0, 0, 0.2, 2], "texture": "#0"},
				"up": {"uv": [0, 0, 4.6, 0.2], "texture": "#0"},
				"down": {"uv": [0, 0, 4.6, 0.2], "texture": "#0"}
			}
		},
		{
			"from": [0.2, 0.2, 3.5],
			"to": [4.8, 2.2, 3.7],
			"faces": {
				"north": {"uv": [0, 0, 4.6, 2], "texture": "#0"},
				"east": {"uv": [0, 0, 0.2, 2], "texture": "#0"},
				"south": {"uv": [0, 0, 4.6, 2], "texture": "#0"},
				"west": {"uv": [0, 0, 0.2, 2], "texture": "#0"},
				"up": {"uv": [0, 0, 4.6, 0.2], "texture": "#0"},
				"down": {"uv": [0, 0, 4.6, 0.2], "texture": "#0"}
			}
		},
		{
			"from": [2, 14.5, 2],
			"to": [3, 15.5, 3],
			"faces": {
				"north": {"uv": [0, 0, 1, 1], "texture": "#3"},
				"east": {"uv": [0, 0, 1, 1], "texture": "#3"},
				"south": {"uv": [0, 0, 1, 1], "texture": "#3"},
				"west": {"uv": [0, 0, 1, 1], "texture": "#3"},
				"up": {"uv": [0, 0, 1, 1], "texture": "#3"},
				"down": {"uv": [0, 0, 1, 1], "texture": "#3"}
			}
		}
	],
	"display": {
		"thirdperson_righthand": {
			"rotation": [90, 0, 0],
			"translation": [-4.25, -1.5, -4]
		}
	}
}