{
	"credit": "By Aillyaes",
	"textures": {
		"0": "block/iron_block",
		"1": "block/quartz_block_top",
		"particle": "block/iron_block"
	},
	"elements": [
		{
			"from": [-2, 29, 3.75],
			"to": [18, 30, 5.75],
			"faces": {
				"north": {"uv": [0, 0, 16, 1], "texture": "#0"},
				"east": {"uv": [0, 0, 2, 1], "texture": "#0"},
				"south": {"uv": [0, 0, 16, 1], "texture": "#0"},
				"west": {"uv": [0, 0, 2, 1], "texture": "#0"},
				"up": {"uv": [0, 0, 16, 2], "texture": "#0"},
				"down": {"uv": [0, 0, 16, 2], "texture": "#0"}
			}
		},
		{
			"from": [10.25, 29, 5.75],
			"to": [11.25, 30, 10.25],
			"faces": {
				"north": {"uv": [0, 0, 1, 1], "texture": "#0"},
				"east": {"uv": [0, 0, 4.5, 1], "texture": "#0"},
				"south": {"uv": [0, 0, 1, 1], "texture": "#0"},
				"west": {"uv": [0, 0, 4.5, 1], "texture": "#0"},
				"up": {"uv": [0, 0, 1, 4.5], "texture": "#0"},
				"down": {"uv": [0, 0, 1, 4.5], "texture": "#0"}
			}
		},
		{
			"from": [4.75, 29, 5.75],
			"to": [5.75, 30, 10.25],
			"faces": {
				"north": {"uv": [0, 0, 1, 1], "texture": "#0"},
				"east": {"uv": [0, 0, 4.5, 1], "texture": "#0"},
				"south": {"uv": [0, 0, 1, 1], "texture": "#0"},
				"west": {"uv": [0, 0, 4.5, 1], "texture": "#0"},
				"up": {"uv": [0, 0, 1, 4.5], "texture": "#0"},
				"down": {"uv": [0, 0, 1, 4.5], "texture": "#0"}
			}
		},
		{
			"from": [4.75, 29, 10.25],
			"to": [11.25, 30, 11.25],
			"faces": {
				"north": {"uv": [0, 0, 6.5, 1], "texture": "#0"},
				"east": {"uv": [0, 0, 1, 1], "texture": "#0"},
				"south": {"uv": [0, 0, 6.5, 1], "texture": "#0"},
				"west": {"uv": [0, 0, 1, 1], "texture": "#0"},
				"up": {"uv": [0, 0, 6.5, 1], "texture": "#0"},
				"down": {"uv": [0, 0, 6.5, 1], "texture": "#0"}
			}
		},
		{
			"from": [-1.5, 31, 4],
			"to": [0, 32, 5.56],
			"faces": {
				"north": {"uv": [0, 0, 1.5, 1], "texture": "#1"},
				"east": {"uv": [0, 0, 1.56, 1], "texture": "#1"},
				"south": {"uv": [0, 0, 1.5, 1], "texture": "#1"},
				"west": {"uv": [0, 0, 1.56, 1], "texture": "#1"},
				"up": {"uv": [0, 0, 1.5, 1.56], "texture": "#1"},
				"down": {"uv": [0, 0, 1.5, 1.56], "texture": "#1"}
			}
		},
		{
			"from": [15.75, 30, 3.75],
			"to": [17.75, 31, 5.75],
			"faces": {
				"north": {"uv": [0, 0, 2, 1], "texture": "#1"},
				"east": {"uv": [0, 0, 2, 1], "texture": "#1"},
				"south": {"uv": [0, 0, 2, 1], "texture": "#1"},
				"west": {"uv": [0, 0, 2, 1], "texture": "#1"},
				"up": {"uv": [0, 0, 2, 2], "texture": "#1"},
				"down": {"uv": [0, 0, 2, 2], "texture": "#1"}
			}
		},
		{
			"from": [-1.75, 30, 3.75],
			"to": [0.25, 31, 5.75],
			"faces": {
				"north": {"uv": [0, 0, 2, 1], "texture": "#1"},
				"east": {"uv": [0, 0, 2, 1], "texture": "#1"},
				"south": {"uv": [0, 0, 2, 1], "texture": "#1"},
				"west": {"uv": [0, 0, 2, 1], "texture": "#1"},
				"up": {"uv": [0, 0, 2, 2], "texture": "#1"},
				"down": {"uv": [0, 0, 2, 2], "texture": "#1"}
			}
		},
		{
			"from": [16, 31, 4],
			"to": [17.5, 32, 5.56],
			"faces": {
				"north": {"uv": [0, 0, 1.5, 1], "texture": "#1"},
				"east": {"uv": [0, 0, 1.56, 1], "texture": "#1"},
				"south": {"uv": [0, 0, 1.5, 1], "texture": "#1"},
				"west": {"uv": [0, 0, 1.56, 1], "texture": "#1"},
				"up": {"uv": [0, 0, 1.5, 1.56], "texture": "#1"},
				"down": {"uv": [0, 0, 1.5, 1.56], "texture": "#1"}
			}
		}
	],
	"display": {
		"thirdperson_righthand": {
			"rotation": [90, 0, 0],
			"translation": [-6, -2, -4.5]
		}
	}
}