{
	"credit": "By Aillyaes",
	"textures": {
		"0": "block/bamboo_stalk",
		"1": "block/iron_block",
		"particle": "block/bamboo_stalk"
	},
	"elements": [
		{
			"from": [6.5, 0, -15],
			"to": [9.5, 1, -14.75],
			"faces": {
				"north": {"uv": [0, 0, 3, 1], "texture": "#1"},
				"east": {"uv": [0, 0, 0.25, 1], "texture": "#1"},
				"south": {"uv": [0, 0, 3, 1], "texture": "#1"},
				"west": {"uv": [0, 0, 0.25, 1], "texture": "#1"},
				"up": {"uv": [0, 0, 3, 0.25], "texture": "#1"},
				"down": {"uv": [0, 0, 3, 0.25], "texture": "#1"}
			}
		},
		{
			"from": [6.5, 2, -15],
			"to": [9.5, 3, -14.75],
			"faces": {
				"north": {"uv": [0, 0, 3, 1], "texture": "#1"},
				"east": {"uv": [0, 0, 0.25, 1], "texture": "#1"},
				"south": {"uv": [0, 0, 3, 1], "texture": "#1"},
				"west": {"uv": [0, 0, 0.25, 1], "texture": "#1"},
				"up": {"uv": [0, 0, 3, 0.25], "texture": "#1"},
				"down": {"uv": [0, 0, 3, 0.25], "texture": "#1"}
			}
		},
		{
			"from": [6.5, 1, -15],
			"to": [7.5, 2, -14.75],
			"faces": {
				"north": {"uv": [0, 0, 1, 1], "texture": "#1"},
				"east": {"uv": [0, 0, 0.25, 1], "texture": "#1"},
				"south": {"uv": [0, 0, 1, 1], "texture": "#1"},
				"west": {"uv": [0, 0, 0.25, 1], "texture": "#1"},
				"up": {"uv": [0, 0, 1, 0.25], "texture": "#1"},
				"down": {"uv": [0, 0, 1, 0.25], "texture": "#1"}
			}
		},
		{
			"from": [8.5, 1, -15],
			"to": [9.5, 2, -14.75],
			"faces": {
				"north": {"uv": [0, 0, 1, 1], "texture": "#1"},
				"east": {"uv": [0, 0, 0.25, 1], "texture": "#1"},
				"south": {"uv": [0, 0, 1, 1], "texture": "#1"},
				"west": {"uv": [0, 0, 0.25, 1], "texture": "#1"},
				"up": {"uv": [0, 0, 1, 0.25], "texture": "#1"},
				"down": {"uv": [0, 0, 1, 0.25], "texture": "#1"}
			}
		},
		{
			"from": [6.5, 1, 30.75],
			"to": [7.5, 2, 31],
			"faces": {
				"north": {"uv": [0, 0, 1, 1], "texture": "#1"},
				"east": {"uv": [0, 0, 0.25, 1], "texture": "#1"},
				"south": {"uv": [0, 0, 1, 1], "texture": "#1"},
				"west": {"uv": [0, 0, 0.25, 1], "texture": "#1"},
				"up": {"uv": [0, 0, 1, 0.25], "texture": "#1"},
				"down": {"uv": [0, 0, 1, 0.25], "texture": "#1"}
			}
		},
		{
			"from": [6.5, 2, 30.75],
			"to": [9.5, 3, 31],
			"faces": {
				"north": {"uv": [0, 0, 3, 1], "texture": "#1"},
				"east": {"uv": [0, 0, 0.25, 1], "texture": "#1"},
				"south": {"uv": [0, 0, 3, 1], "texture": "#1"},
				"west": {"uv": [0, 0, 0.25, 1], "texture": "#1"},
				"up": {"uv": [0, 0, 3, 0.25], "texture": "#1"},
				"down": {"uv": [0, 0, 3, 0.25], "texture": "#1"}
			}
		},
		{
			"from": [8.5, 1, 30.75],
			"to": [9.5, 2, 31],
			"faces": {
				"north": {"uv": [0, 0, 1, 1], "texture": "#1"},
				"east": {"uv": [0, 0, 0.25, 1], "texture": "#1"},
				"south": {"uv": [0, 0, 1, 1], "texture": "#1"},
				"west": {"uv": [0, 0, 0.25, 1], "texture": "#1"},
				"up": {"uv": [0, 0, 1, 0.25], "texture": "#1"},
				"down": {"uv": [0, 0, 1, 0.25], "texture": "#1"}
			}
		},
		{
			"from": [6.5, 0, 30.75],
			"to": [9.5, 1, 31],
			"faces": {
				"north": {"uv": [0, 0, 3, 1], "texture": "#1"},
				"east": {"uv": [0, 0, 0.25, 1], "texture": "#1"},
				"south": {"uv": [0, 0, 3, 1], "texture": "#1"},
				"west": {"uv": [0, 0, 0.25, 1], "texture": "#1"},
				"up": {"uv": [0, 0, 3, 0.25], "texture": "#1"},
				"down": {"uv": [0, 0, 3, 0.25], "texture": "#1"}
			}
		},
		{
			"from": [7.5, 1, -16],
			"to": [8.5, 2, 32],
			"faces": {
				"north": {"uv": [13, 4, 16, 7], "texture": "#0"},
				"east": {"uv": [1, 0, 2, 16], "rotation": 270, "texture": "#0"},
				"south": {"uv": [13, 0, 16, 3], "texture": "#0"},
				"west": {"uv": [1, 0, 2, 16], "rotation": 90, "texture": "#0"},
				"up": {"uv": [1, 0, 2, 16], "rotation": 180, "texture": "#0"},
				"down": {"uv": [1, 0, 2, 16], "texture": "#0"}
			}
		},
		{
			"from": [7.75, 3, 30.83],
			"to": [8.25, 16, 30.93],
			"faces": {
				"north": {"uv": [0, 0, 0.5, 13], "texture": "#1"},
				"east": {"uv": [0, 0, 0.1, 13], "texture": "#1"},
				"south": {"uv": [0, 0, 0.5, 13], "texture": "#1"},
				"west": {"uv": [0, 0, 0.1, 13], "texture": "#1"},
				"up": {"uv": [0, 0, 0.5, 0.1], "texture": "#1"},
				"down": {"uv": [0, 0, 0.5, 0.1], "texture": "#1"}
			}
		},
		{
			"from": [7.75, 3, -14.93],
			"to": [8.25, 16, -14.83],
			"faces": {
				"north": {"uv": [0, 0, 0.5, 13], "texture": "#1"},
				"east": {"uv": [0, 0, 0.1, 13], "texture": "#1"},
				"south": {"uv": [0, 0, 0.5, 13], "texture": "#1"},
				"west": {"uv": [0, 0, 0.1, 13], "texture": "#1"},
				"up": {"uv": [0, 0, 0.5, 0.1], "texture": "#1"},
				"down": {"uv": [0, 0, 0.5, 0.1], "texture": "#1"}
			}
		}
	],
	"display": {
		"thirdperson_righthand": {
			"rotation": [90, 0, 0],
			"translation": [-6, -2, 11.25],
			"scale": [1, 1, 4]
		}
	}
}