{
	"credit": "By Aillyaes",
	"textures": {
		"0": "block/iron_block",
		"1": "block/white_stained_glass"
	},
	"elements": [
		{
			"from": [-15, 2, 15],
			"to": [-14, 15.75, 16],
			"faces": {
				"north": {"uv": [0, 0, 1, 13.75], "texture": "#0"},
				"east": {"uv": [0, 0, 1, 13.75], "texture": "#0"},
				"south": {"uv": [0, 0, 1, 13.75], "texture": "#0"},
				"west": {"uv": [0, 0, 1, 13.75], "texture": "#0"},
				"up": {"uv": [0, 0, 1, 1], "texture": "#0"},
				"down": {"uv": [0, 0, 1, 1], "texture": "#0"}
			}
		},
		{
			"from": [-15, 2, -15.25],
			"to": [-14, 3, 15],
			"faces": {
				"north": {"uv": [0, 0, 1, 1], "texture": "#0"},
				"east": {"uv": [0, 0, 16, 1], "texture": "#0"},
				"south": {"uv": [0, 0, 1, 1], "texture": "#0"},
				"west": {"uv": [0, 0, 16, 1], "texture": "#0"},
				"up": {"uv": [0, 0, 1, 16], "texture": "#0"},
				"down": {"uv": [0, 0, 1, 16], "texture": "#0"}
			}
		},
		{
			"from": [-15, 11.5, -15.5],
			"to": [-14, 12.5, 17.5],
			"rotation": {"angle": -22.5, "axis": "x", "origin": [-21, 8, 8]},
			"faces": {
				"north": {"uv": [0, 0, 1, 1], "texture": "#0"},
				"east": {"uv": [0, 0, 16, 1], "texture": "#0"},
				"south": {"uv": [0, 0, 1, 1], "texture": "#0"},
				"west": {"uv": [0, 0, 16, 1], "texture": "#0"},
				"up": {"uv": [0, 0, 1, 16], "texture": "#0"},
				"down": {"uv": [0, 0, 1, 16], "texture": "#0"}
			}
		},
		{
			"from": [-15, 3.75, 4],
			"to": [-14, 11.5, 5],
			"rotation": {"angle": -22.5, "axis": "x", "origin": [-21, 8, 8]},
			"faces": {
				"north": {"uv": [0, 0, 1, 7.75], "texture": "#0"},
				"east": {"uv": [0, 0, 1, 7.75], "texture": "#0"},
				"south": {"uv": [0, 0, 1, 7.75], "texture": "#0"},
				"west": {"uv": [0, 0, 1, 7.75], "texture": "#0"},
				"up": {"uv": [0, 0, 1, 1], "texture": "#0"},
				"down": {"uv": [0, 0, 1, 1], "texture": "#0"}
			}
		},
		{
			"from": [30, 2, 15],
			"to": [31, 15.75, 16],
			"faces": {
				"north": {"uv": [0, 0, 1, 13.75], "texture": "#0"},
				"east": {"uv": [0, 0, 1, 13.75], "texture": "#0"},
				"south": {"uv": [0, 0, 1, 13.75], "texture": "#0"},
				"west": {"uv": [0, 0, 1, 13.75], "texture": "#0"},
				"up": {"uv": [0, 0, 1, 1], "texture": "#0"},
				"down": {"uv": [0, 0, 1, 1], "texture": "#0"}
			}
		},
		{
			"from": [30, 2, -15.25],
			"to": [31, 3, 15],
			"faces": {
				"north": {"uv": [0, 0, 1, 1], "texture": "#0"},
				"east": {"uv": [0, 0, 16, 1], "texture": "#0"},
				"south": {"uv": [0, 0, 1, 1], "texture": "#0"},
				"west": {"uv": [0, 0, 16, 1], "texture": "#0"},
				"up": {"uv": [0, 0, 1, 16], "texture": "#0"},
				"down": {"uv": [0, 0, 1, 16], "texture": "#0"}
			}
		},
		{
			"from": [30, 11.5, -15.5],
			"to": [31, 12.5, 17.5],
			"rotation": {"angle": -22.5, "axis": "x", "origin": [24, 8, 8]},
			"faces": {
				"north": {"uv": [0, 0, 1, 1], "texture": "#0"},
				"east": {"uv": [0, 0, 16, 1], "texture": "#0"},
				"south": {"uv": [0, 0, 1, 1], "texture": "#0"},
				"west": {"uv": [0, 0, 16, 1], "texture": "#0"},
				"up": {"uv": [0, 0, 1, 16], "texture": "#0"},
				"down": {"uv": [0, 0, 1, 16], "texture": "#0"}
			}
		},
		{
			"from": [30, 3.75, 4],
			"to": [31, 11.5, 5],
			"rotation": {"angle": -22.5, "axis": "x", "origin": [24, 8, 8]},
			"faces": {
				"north": {"uv": [0, 0, 1, 7.75], "texture": "#0"},
				"east": {"uv": [0, 0, 1, 7.75], "texture": "#0"},
				"south": {"uv": [0, 0, 1, 7.75], "texture": "#0"},
				"west": {"uv": [0, 0, 1, 7.75], "texture": "#0"},
				"up": {"uv": [0, 0, 1, 1], "texture": "#0"},
				"down": {"uv": [0, 0, 1, 1], "texture": "#0"}
			}
		},
		{
			"from": [-16, 12.5, -16],
			"to": [32, 12.8, 18.5],
			"rotation": {"angle": -22.5, "axis": "x", "origin": [8, 8, 8]},
			"faces": {
				"north": {"uv": [0, 0, 16, 0.3], "texture": "#1"},
				"east": {"uv": [0, 0, 16, 0.3], "texture": "#1"},
				"south": {"uv": [0, 0, 16, 0.3], "texture": "#1"},
				"west": {"uv": [0, 0, 16, 0.3], "texture": "#1"},
				"up": {"uv": [0, 0, 16, 16], "texture": "#1"},
				"down": {"uv": [0, 0, 16, 16], "texture": "#1"}
			}
		}
	],
	"display": {
		"thirdperson_righthand": {
			"rotation": [90, 0, 0],
			"translation": [-6, 0, 0]
		}
	},
	"groups": [
		{
			"name": "group",
			"children": [0, 1, 2, 3]
		},
		{
			"name": "group2",
			"children": [4, 5, 6, 7]
		}, 8]
}