{
	"credit": "By Aillyaes",
	"textures": {
		"0": "block/white_terracotta",
		"1": "block/gray_concrete",
		"2": "block/gray_shulker_box",
		"3": "block/white_concrete",
		"particle": "block/white_terracotta"
	},
	"elements": [
		{
			"from": [1, -1, 14],
			"to": [2, 0, 15],
			"faces": {
				"north": {"uv": [0, 0, 1, 1], "texture": "#1"},
				"east": {"uv": [0, 0, 1, 1], "texture": "#1"},
				"south": {"uv": [0, 0, 1, 1], "texture": "#1"},
				"west": {"uv": [0, 0, 1, 1], "texture": "#1"},
				"up": {"uv": [0, 0, 1, 1], "texture": "#1"},
				"down": {"uv": [0, 0, 1, 1], "texture": "#1"}
			}
		},
		{
			"from": [14, -1, 14],
			"to": [15, 0, 15],
			"faces": {
				"north": {"uv": [0, 0, 1, 1], "texture": "#1"},
				"east": {"uv": [0, 0, 1, 1], "texture": "#1"},
				"south": {"uv": [0, 0, 1, 1], "texture": "#1"},
				"west": {"uv": [0, 0, 1, 1], "texture": "#1"},
				"up": {"uv": [0, 0, 1, 1], "texture": "#1"},
				"down": {"uv": [0, 0, 1, 1], "texture": "#1"}
			}
		},
		{
			"from": [14, -1, 1],
			"to": [15, 0, 2],
			"faces": {
				"north": {"uv": [0, 0, 1, 1], "texture": "#1"},
				"east": {"uv": [0, 0, 1, 1], "texture": "#1"},
				"south": {"uv": [0, 0, 1, 1], "texture": "#1"},
				"west": {"uv": [0, 0, 1, 1], "texture": "#1"},
				"up": {"uv": [0, 0, 1, 1], "texture": "#1"},
				"down": {"uv": [0, 0, 1, 1], "texture": "#1"}
			}
		},
		{
			"from": [1, -1, 1],
			"to": [2, 0, 2],
			"faces": {
				"north": {"uv": [0, 0, 1, 1], "texture": "#1"},
				"east": {"uv": [0, 0, 1, 1], "texture": "#1"},
				"south": {"uv": [0, 0, 1, 1], "texture": "#1"},
				"west": {"uv": [0, 0, 1, 1], "texture": "#1"},
				"up": {"uv": [0, 0, 1, 1], "texture": "#1"},
				"down": {"uv": [0, 0, 1, 1], "texture": "#1"}
			}
		},
		{
			"from": [0, 0, 0],
			"to": [16, 31, 16],
			"faces": {
				"north": {"uv": [0, 0, 16, 16], "texture": "#0"},
				"east": {"uv": [0, 0, 16, 16], "texture": "#0"},
				"south": {"uv": [0, 0, 16, 16], "texture": "#0"},
				"west": {"uv": [0, 0, 16, 16], "texture": "#1"},
				"up": {"uv": [0, 0, 16, 16], "texture": "#0"},
				"down": {"uv": [0, 0, 16, 16], "texture": "#0"}
			}
		},
		{
			"from": [-1, 0, 1],
			"to": [0, 8, 15],
			"faces": {
				"north": {"uv": [0, 0, 1, 8], "texture": "#2"},
				"east": {"uv": [0, 0, 14, 8], "texture": "#2"},
				"south": {"uv": [0, 0, 1, 8], "texture": "#2"},
				"west": {"uv": [0, 0, 16, 8], "texture": "#2"},
				"up": {"uv": [0, 0, 1, 14], "texture": "#2"},
				"down": {"uv": [0, 0, 1, 14], "texture": "#2"}
			}
		},
		{
			"from": [16, 0.5, 0.5],
			"to": [16.5, 13.5, 1],
			"faces": {
				"north": {"uv": [0, 0, 0.5, 13], "texture": "#3"},
				"east": {"uv": [0, 0, 0.5, 13], "texture": "#3"},
				"south": {"uv": [0, 0, 0.5, 13], "texture": "#3"},
				"west": {"uv": [0, 0, 0.5, 13], "texture": "#3"},
				"up": {"uv": [0, 0, 0.5, 0.5], "texture": "#3"},
				"down": {"uv": [0, 0, 0.5, 0.5], "texture": "#3"}
			}
		},
		{
			"from": [16, 0.5, 15],
			"to": [16.5, 13.5, 15.5],
			"faces": {
				"north": {"uv": [0, 0, 0.5, 13], "texture": "#3"},
				"east": {"uv": [0, 0, 0.5, 13], "texture": "#3"},
				"south": {"uv": [0, 0, 0.5, 13], "texture": "#3"},
				"west": {"uv": [0, 0, 0.5, 13], "texture": "#3"},
				"up": {"uv": [0, 0, 0.5, 0.5], "texture": "#3"},
				"down": {"uv": [0, 0, 0.5, 0.5], "texture": "#3"}
			}
		},
		{
			"from": [16, 13, 1],
			"to": [16.5, 13.5, 15],
			"faces": {
				"north": {"uv": [0, 0, 0.5, 0.5], "texture": "#3"},
				"east": {"uv": [0, 0, 14, 0.5], "texture": "#3"},
				"south": {"uv": [0, 0, 0.5, 0.5], "texture": "#3"},
				"west": {"uv": [0, 0, 14, 0.5], "texture": "#3"},
				"up": {"uv": [0, 0, 0.5, 14], "texture": "#3"},
				"down": {"uv": [0, 0, 0.5, 14], "texture": "#3"}
			}
		},
		{
			"from": [16, 0.5, 1],
			"to": [16.5, 1, 15],
			"faces": {
				"north": {"uv": [0, 0, 0.5, 0.5], "texture": "#3"},
				"east": {"uv": [0, 0, 14, 0.5], "texture": "#3"},
				"south": {"uv": [0, 0, 0.5, 0.5], "texture": "#3"},
				"west": {"uv": [0, 0, 14, 0.5], "texture": "#3"},
				"up": {"uv": [0, 0, 0.5, 14], "texture": "#3"},
				"down": {"uv": [0, 0, 0.5, 14], "texture": "#3"}
			}
		},
		{
			"from": [16.5, 0, 0],
			"to": [17.3, 13, 16],
			"faces": {
				"north": {"uv": [0, 0, 0.8, 13], "texture": "#0"},
				"east": {"uv": [0, 0, 16, 13], "texture": "#0"},
				"south": {"uv": [0, 0, 0.8, 13], "texture": "#0"},
				"west": {"uv": [0, 0, 16, 13], "texture": "#0"},
				"up": {"uv": [0, 0, 0.8, 16], "texture": "#0"},
				"down": {"uv": [0, 0, 0.8, 16], "texture": "#0"}
			}
		},
		{
			"from": [16, 30, 1],
			"to": [16.5, 30.5, 15],
			"faces": {
				"north": {"uv": [0, 0, 0.5, 0.5], "texture": "#3"},
				"east": {"uv": [0, 0, 14, 0.5], "texture": "#3"},
				"south": {"uv": [0, 0, 0.5, 0.5], "texture": "#3"},
				"west": {"uv": [0, 0, 14, 0.5], "texture": "#3"},
				"up": {"uv": [0, 0, 0.5, 14], "texture": "#3"},
				"down": {"uv": [0, 0, 0.5, 14], "texture": "#3"}
			}
		},
		{
			"from": [16, 15.5, 15],
			"to": [16.5, 30.5, 15.5],
			"faces": {
				"north": {"uv": [0, 0, 0.5, 15], "texture": "#3"},
				"east": {"uv": [0, 0, 0.5, 15], "texture": "#3"},
				"south": {"uv": [0, 0, 0.5, 15], "texture": "#3"},
				"west": {"uv": [0, 0, 0.5, 15], "texture": "#3"},
				"up": {"uv": [0, 0, 0.5, 0.5], "texture": "#3"},
				"down": {"uv": [0, 0, 0.5, 0.5], "texture": "#3"}
			}
		},
		{
			"from": [16, 15.5, 0.5],
			"to": [16.5, 30.5, 1],
			"faces": {
				"north": {"uv": [0, 0, 0.5, 15], "texture": "#3"},
				"east": {"uv": [0, 0, 0.5, 15], "texture": "#3"},
				"south": {"uv": [0, 0, 0.5, 15], "texture": "#3"},
				"west": {"uv": [0, 0, 0.5, 15], "texture": "#3"},
				"up": {"uv": [0, 0, 0.5, 0.5], "texture": "#3"},
				"down": {"uv": [0, 0, 0.5, 0.5], "texture": "#3"}
			}
		},
		{
			"from": [16, 15.5, 1],
			"to": [16.5, 16, 15],
			"faces": {
				"north": {"uv": [0, 0, 0.5, 0.5], "texture": "#3"},
				"east": {"uv": [0, 0, 14, 0.5], "texture": "#3"},
				"south": {"uv": [0, 0, 0.5, 0.5], "texture": "#3"},
				"west": {"uv": [0, 0, 14, 0.5], "texture": "#3"},
				"up": {"uv": [0, 0, 0.5, 14], "texture": "#3"},
				"down": {"uv": [0, 0, 0.5, 14], "texture": "#3"}
			}
		},
		{
			"from": [16.5, 16, 0],
			"to": [17.3, 31, 16],
			"faces": {
				"north": {"uv": [0, 0, 0.8, 15], "texture": "#0"},
				"east": {"uv": [0, 0, 16, 15], "texture": "#0"},
				"south": {"uv": [0, 0, 0.8, 15], "texture": "#0"},
				"west": {"uv": [0, 0, 16, 15], "texture": "#0"},
				"up": {"uv": [0, 0, 0.8, 16], "texture": "#0"},
				"down": {"uv": [0, 0, 0.8, 16], "texture": "#0"}
			}
		},
		{
			"from": [16.5, 15, 0],
			"to": [17.3, 16, 15.75],
			"faces": {
				"north": {"uv": [0, 0, 0.8, 1], "texture": "#2"},
				"east": {"uv": [0, 0, 15.75, 1], "texture": "#2"},
				"south": {"uv": [0, 0, 0.8, 1], "texture": "#2"},
				"west": {"uv": [0, 0, 15.75, 1], "texture": "#2"},
				"up": {"uv": [0, 0, 0.8, 15.75], "texture": "#2"},
				"down": {"uv": [0, 0, 0.8, 15.75], "texture": "#2"}
			}
		},
		{
			"from": [16.5, 13, 0],
			"to": [17.3, 14, 15.75],
			"faces": {
				"north": {"uv": [0, 0, 0.8, 1], "texture": "#2"},
				"east": {"uv": [0, 0, 15.75, 1], "texture": "#2"},
				"south": {"uv": [0, 0, 0.8, 1], "texture": "#2"},
				"west": {"uv": [0, 0, 15.75, 1], "texture": "#2"},
				"up": {"uv": [0, 0, 0.8, 15.75], "texture": "#2"},
				"down": {"uv": [0, 0, 0.8, 15.75], "texture": "#2"}
			}
		},
		{
			"from": [16, 14, 0],
			"to": [17, 15, 2],
			"faces": {
				"north": {"uv": [0, 0, 1, 1], "texture": "#1"},
				"east": {"uv": [0, 0, 2, 1], "texture": "#1"},
				"south": {"uv": [0, 0, 1, 1], "texture": "#1"},
				"west": {"uv": [0, 0, 2, 1], "texture": "#1"},
				"up": {"uv": [0, 0, 1, 2], "texture": "#1"},
				"down": {"uv": [0, 0, 1, 2], "texture": "#1"}
			}
		},
		{
			"from": [15.5, -0.25, 0],
			"to": [17, 0, 2],
			"faces": {
				"north": {"uv": [0, 0, 1.5, 0.25], "texture": "#1"},
				"east": {"uv": [0, 0, 2, 0.25], "texture": "#1"},
				"south": {"uv": [0, 0, 1.5, 0.25], "texture": "#1"},
				"west": {"uv": [0, 0, 2, 0.25], "texture": "#1"},
				"up": {"uv": [0, 0, 1.5, 2], "texture": "#1"},
				"down": {"uv": [0, 0, 1.5, 2], "texture": "#1"}
			}
		},
		{
			"from": [15.5, 31, 0],
			"to": [17, 31.25, 2],
			"faces": {
				"north": {"uv": [0, 0, 1.5, 0.25], "texture": "#1"},
				"east": {"uv": [0, 0, 2, 0.25], "texture": "#1"},
				"south": {"uv": [0, 0, 1.5, 0.25], "texture": "#1"},
				"west": {"uv": [0, 0, 2, 0.25], "texture": "#1"},
				"up": {"uv": [0, 0, 1.5, 2], "texture": "#1"},
				"down": {"uv": [0, 0, 1.5, 2], "texture": "#1"}
			}
		}
	],
	"display": {
		"thirdperson_righthand": {
			"rotation": [90, 0, 0],
			"translation": [-3.5, -2, -3]
		}
	}
}