{
	"credit": "By Aillyaes",
	"textures": {
		"0": "block/white_terracotta",
		"1": "block/gray_concrete",
		"2": "block/gray_shulker_box",
		"3": "block/white_concrete",
		"4": "block/glass",
		"5": "block/orange_concrete_powder",
		"6": "block/cyan_concrete_powder",
		"7": "block/dark_oak_planks",
		"particle": "block/white_terracotta"
	},
	"elements": [
		{
			"from": [0, -1, 14],
			"to": [1, 0, 15],
			"faces": {
				"north": {"uv": [0, 0, 1, 1], "texture": "#1"},
				"east": {"uv": [0, 0, 1, 1], "texture": "#1"},
				"south": {"uv": [0, 0, 1, 1], "texture": "#1"},
				"west": {"uv": [0, 0, 1, 1], "texture": "#1"},
				"up": {"uv": [0, 0, 1, 1], "texture": "#1"},
				"down": {"uv": [0, 0, 1, 1], "texture": "#1"}
			}
		},
		{
			"from": [13, -1, 14],
			"to": [14, 0, 15],
			"faces": {
				"north": {"uv": [0, 0, 1, 1], "texture": "#1"},
				"east": {"uv": [0, 0, 1, 1], "texture": "#1"},
				"south": {"uv": [0, 0, 1, 1], "texture": "#1"},
				"west": {"uv": [0, 0, 1, 1], "texture": "#1"},
				"up": {"uv": [0, 0, 1, 1], "texture": "#1"},
				"down": {"uv": [0, 0, 1, 1], "texture": "#1"}
			}
		},
		{
			"from": [13, -1, 1],
			"to": [14, 0, 2],
			"faces": {
				"north": {"uv": [0, 0, 1, 1], "texture": "#1"},
				"east": {"uv": [0, 0, 1, 1], "texture": "#1"},
				"south": {"uv": [0, 0, 1, 1], "texture": "#1"},
				"west": {"uv": [0, 0, 1, 1], "texture": "#1"},
				"up": {"uv": [0, 0, 1, 1], "texture": "#1"},
				"down": {"uv": [0, 0, 1, 1], "texture": "#1"}
			}
		},
		{
			"from": [0, -1, 1],
			"to": [1, 0, 2],
			"faces": {
				"north": {"uv": [0, 0, 1, 1], "texture": "#1"},
				"east": {"uv": [0, 0, 1, 1], "texture": "#1"},
				"south": {"uv": [0, 0, 1, 1], "texture": "#1"},
				"west": {"uv": [0, 0, 1, 1], "texture": "#1"},
				"up": {"uv": [0, 0, 1, 1], "texture": "#1"},
				"down": {"uv": [0, 0, 1, 1], "texture": "#1"}
			}
		},
		{
			"from": [-1, 0, 0],
			"to": [15, 16, 16],
			"faces": {
				"north": {"uv": [0, 0, 16, 16], "texture": "#0"},
				"east": {"uv": [0, 0, 16, 16], "texture": "#0"},
				"south": {"uv": [0, 0, 16, 16], "texture": "#0"},
				"west": {"uv": [0, 0, 16, 16], "texture": "#1"},
				"up": {"uv": [0, 0, 16, 16], "texture": "#3"},
				"down": {"uv": [0, 0, 16, 16], "texture": "#0"}
			}
		},
		{
			"from": [-2, 0, 1],
			"to": [-1, 8, 15],
			"faces": {
				"north": {"uv": [0, 0, 1, 8], "texture": "#2"},
				"east": {"uv": [0, 0, 14, 8], "texture": "#2"},
				"south": {"uv": [0, 0, 1, 8], "texture": "#2"},
				"west": {"uv": [0, 0, 16, 8], "texture": "#2"},
				"up": {"uv": [0, 0, 1, 14], "texture": "#2"},
				"down": {"uv": [0, 0, 1, 14], "texture": "#2"}
			}
		},
		{
			"from": [15, 0.5, 0.5],
			"to": [15.5, 13.5, 1],
			"faces": {
				"north": {"uv": [0, 0, 0.5, 13], "texture": "#3"},
				"east": {"uv": [0, 0, 0.5, 13], "texture": "#3"},
				"south": {"uv": [0, 0, 0.5, 13], "texture": "#3"},
				"west": {"uv": [0, 0, 0.5, 13], "texture": "#3"},
				"up": {"uv": [0, 0, 0.5, 0.5], "texture": "#3"},
				"down": {"uv": [0, 0, 0.5, 0.5], "texture": "#3"}
			}
		},
		{
			"from": [15, 0.5, 15],
			"to": [15.5, 13.5, 15.5],
			"faces": {
				"north": {"uv": [0, 0, 0.5, 13], "texture": "#3"},
				"east": {"uv": [0, 0, 0.5, 13], "texture": "#3"},
				"south": {"uv": [0, 0, 0.5, 13], "texture": "#3"},
				"west": {"uv": [0, 0, 0.5, 13], "texture": "#3"},
				"up": {"uv": [0, 0, 0.5, 0.5], "texture": "#3"},
				"down": {"uv": [0, 0, 0.5, 0.5], "texture": "#3"}
			}
		},
		{
			"from": [15, 13, 1],
			"to": [15.5, 13.5, 15],
			"faces": {
				"north": {"uv": [0, 0, 0.5, 0.5], "texture": "#3"},
				"east": {"uv": [0, 0, 14, 0.5], "texture": "#3"},
				"south": {"uv": [0, 0, 0.5, 0.5], "texture": "#3"},
				"west": {"uv": [0, 0, 14, 0.5], "texture": "#3"},
				"up": {"uv": [0, 0, 0.5, 14], "texture": "#3"},
				"down": {"uv": [0, 0, 0.5, 14], "texture": "#3"}
			}
		},
		{
			"from": [15, 0.5, 1],
			"to": [15.5, 1, 15],
			"faces": {
				"north": {"uv": [0, 0, 0.5, 0.5], "texture": "#3"},
				"east": {"uv": [0, 0, 14, 0.5], "texture": "#3"},
				"south": {"uv": [0, 0, 0.5, 0.5], "texture": "#3"},
				"west": {"uv": [0, 0, 14, 0.5], "texture": "#3"},
				"up": {"uv": [0, 0, 0.5, 14], "texture": "#3"},
				"down": {"uv": [0, 0, 0.5, 14], "texture": "#3"}
			}
		},
		{
			"from": [15.5, 0, 0],
			"to": [16.3, 13, 16],
			"faces": {
				"north": {"uv": [0, 0, 0.8, 13], "texture": "#0"},
				"east": {"uv": [0, 0, 16, 13], "texture": "#0"},
				"south": {"uv": [0, 0, 0.8, 13], "texture": "#0"},
				"west": {"uv": [0, 0, 16, 13], "texture": "#0"},
				"up": {"uv": [0, 0, 0.8, 16], "texture": "#0"},
				"down": {"uv": [0, 0, 0.8, 16], "texture": "#0"}
			}
		},
		{
			"from": [16.4875, 30, 0.44583],
			"to": [30.4875, 30.5, 0.94583],
			"rotation": {"angle": -22.5, "axis": "y", "origin": [15.46667, 21.83333, -0.02083]},
			"faces": {
				"north": {"uv": [0, 0, 14, 0.5], "texture": "#3"},
				"east": {"uv": [0, 0, 0.5, 0.5], "texture": "#3"},
				"south": {"uv": [0, 0, 14, 0.5], "texture": "#3"},
				"west": {"uv": [0, 0, 0.5, 0.5], "texture": "#3"},
				"up": {"uv": [0, 0, 0.5, 14], "rotation": 270, "texture": "#3"},
				"down": {"uv": [0, 0, 0.5, 14], "rotation": 90, "texture": "#3"}
			}
		},
		{
			"from": [30.4875, 15.5, 0.44583],
			"to": [30.9875, 30.5, 0.94583],
			"rotation": {"angle": -22.5, "axis": "y", "origin": [15.46667, 21.83333, -0.02083]},
			"faces": {
				"north": {"uv": [0, 0, 0.5, 15], "texture": "#3"},
				"east": {"uv": [0, 0, 0.5, 15], "texture": "#3"},
				"south": {"uv": [0, 0, 0.5, 15], "texture": "#3"},
				"west": {"uv": [0, 0, 0.5, 15], "texture": "#3"},
				"up": {"uv": [0, 0, 0.5, 0.5], "rotation": 270, "texture": "#3"},
				"down": {"uv": [0, 0, 0.5, 0.5], "rotation": 90, "texture": "#3"}
			}
		},
		{
			"from": [15.9875, 15.5, 0.44583],
			"to": [16.4875, 30.5, 0.94583],
			"rotation": {"angle": -22.5, "axis": "y", "origin": [15.46667, 21.83333, -0.02083]},
			"faces": {
				"north": {"uv": [0, 0, 0.5, 15], "texture": "#3"},
				"east": {"uv": [0, 0, 0.5, 15], "texture": "#3"},
				"south": {"uv": [0, 0, 0.5, 15], "texture": "#3"},
				"west": {"uv": [0, 0, 0.5, 15], "texture": "#3"},
				"up": {"uv": [0, 0, 0.5, 0.5], "rotation": 270, "texture": "#3"},
				"down": {"uv": [0, 0, 0.5, 0.5], "rotation": 90, "texture": "#3"}
			}
		},
		{
			"from": [16.4875, 15.5, 0.44583],
			"to": [30.4875, 16, 0.94583],
			"rotation": {"angle": -22.5, "axis": "y", "origin": [15.46667, 21.83333, -0.02083]},
			"faces": {
				"north": {"uv": [0, 0, 14, 0.5], "texture": "#3"},
				"east": {"uv": [0, 0, 0.5, 0.5], "texture": "#3"},
				"south": {"uv": [0, 0, 14, 0.5], "texture": "#3"},
				"west": {"uv": [0, 0, 0.5, 0.5], "texture": "#3"},
				"up": {"uv": [0, 0, 0.5, 14], "rotation": 270, "texture": "#3"},
				"down": {"uv": [0, 0, 0.5, 14], "rotation": 90, "texture": "#3"}
			}
		},
		{
			"from": [15.4875, 16, -0.35417],
			"to": [31.4875, 31, 0.44583],
			"rotation": {"angle": -22.5, "axis": "y", "origin": [15.46667, 21.83333, -0.02083]},
			"faces": {
				"north": {"uv": [0, 0, 16, 15], "texture": "#0"},
				"east": {"uv": [0, 0, 0.8, 15], "texture": "#0"},
				"south": {"uv": [0, 0, 16, 15], "texture": "#0"},
				"west": {"uv": [0, 0, 0.8, 15], "texture": "#0"},
				"up": {"uv": [0, 0, 0.8, 16], "rotation": 270, "texture": "#0"},
				"down": {"uv": [0, 0, 0.8, 16], "rotation": 90, "texture": "#0"}
			}
		},
		{
			"from": [15.4875, 15, -0.35417],
			"to": [31.2375, 16, 0.44583],
			"rotation": {"angle": -22.5, "axis": "y", "origin": [15.46667, 21.83333, -0.02083]},
			"faces": {
				"north": {"uv": [0, 0, 15.75, 1], "texture": "#2"},
				"east": {"uv": [0, 0, 0.8, 1], "texture": "#2"},
				"south": {"uv": [0, 0, 15.75, 1], "texture": "#2"},
				"west": {"uv": [0, 0, 0.8, 1], "texture": "#2"},
				"up": {"uv": [0, 0, 0.8, 15.75], "rotation": 270, "texture": "#2"},
				"down": {"uv": [0, 0, 0.8, 15.75], "rotation": 90, "texture": "#2"}
			}
		},
		{
			"from": [15.5, 13, 0],
			"to": [16.3, 14, 15.75],
			"faces": {
				"north": {"uv": [0, 0, 0.8, 1], "texture": "#2"},
				"east": {"uv": [0, 0, 15.75, 1], "texture": "#2"},
				"south": {"uv": [0, 0, 0.8, 1], "texture": "#2"},
				"west": {"uv": [0, 0, 15.75, 1], "texture": "#2"},
				"up": {"uv": [0, 0, 0.8, 15.75], "texture": "#2"},
				"down": {"uv": [0, 0, 0.8, 15.75], "texture": "#2"}
			}
		},
		{
			"from": [15, 14, 0],
			"to": [16, 15, 2],
			"faces": {
				"north": {"uv": [0, 0, 1, 1], "texture": "#1"},
				"east": {"uv": [0, 0, 2, 1], "texture": "#1"},
				"south": {"uv": [0, 0, 1, 1], "texture": "#1"},
				"west": {"uv": [0, 0, 2, 1], "texture": "#1"},
				"up": {"uv": [0, 0, 1, 2], "texture": "#1"},
				"down": {"uv": [0, 0, 1, 2], "texture": "#1"}
			}
		},
		{
			"from": [14.5, -0.25, 0],
			"to": [16, 0, 2],
			"faces": {
				"north": {"uv": [0, 0, 1.5, 0.25], "texture": "#1"},
				"east": {"uv": [0, 0, 2, 0.25], "texture": "#1"},
				"south": {"uv": [0, 0, 1.5, 0.25], "texture": "#1"},
				"west": {"uv": [0, 0, 2, 0.25], "texture": "#1"},
				"up": {"uv": [0, 0, 1.5, 2], "texture": "#1"},
				"down": {"uv": [0, 0, 1.5, 2], "texture": "#1"}
			}
		},
		{
			"from": [14.5, 31, 0],
			"to": [16, 31.25, 2],
			"faces": {
				"north": {"uv": [0, 0, 1.5, 0.25], "texture": "#1"},
				"east": {"uv": [0, 0, 2, 0.25], "texture": "#1"},
				"south": {"uv": [0, 0, 1.5, 0.25], "texture": "#1"},
				"west": {"uv": [0, 0, 2, 0.25], "texture": "#1"},
				"up": {"uv": [0, 0, 1.5, 2], "texture": "#1"},
				"down": {"uv": [0, 0, 1.5, 2], "texture": "#1"}
			}
		},
		{
			"from": [-1, 16, 15],
			"to": [15, 31, 16],
			"faces": {
				"north": {"uv": [0, 0, 16, 15], "texture": "#3"},
				"east": {"uv": [0, 0, 1, 15], "texture": "#0"},
				"south": {"uv": [0, 0, 16, 15], "texture": "#0"},
				"west": {"uv": [0, 0, 1, 15], "texture": "#1"},
				"up": {"uv": [0, 0, 16, 1], "texture": "#0"},
				"down": {"uv": [0, 0, 16, 1], "texture": "#missing"}
			}
		},
		{
			"from": [-1, 16, 0],
			"to": [15, 31, 1],
			"faces": {
				"north": {"uv": [0, 0, 16, 15], "texture": "#0"},
				"east": {"uv": [0, 0, 1, 15], "texture": "#0"},
				"south": {"uv": [0, 0, 16, 15], "texture": "#3"},
				"west": {"uv": [0, 0, 1, 15], "texture": "#1"},
				"up": {"uv": [0, 0, 16, 1], "texture": "#0"},
				"down": {"uv": [0, 0, 16, 1], "texture": "#missing"}
			}
		},
		{
			"from": [-1, 16, 1],
			"to": [0, 31, 15],
			"faces": {
				"north": {"uv": [0, 0, 1, 15], "texture": "#missing"},
				"east": {"uv": [0, 0, 14, 15], "texture": "#3"},
				"south": {"uv": [0, 0, 1, 15], "texture": "#missing"},
				"west": {"uv": [0, 0, 14, 15], "texture": "#1"},
				"up": {"uv": [0, 0, 1, 14], "texture": "#0"},
				"down": {"uv": [0, 0, 1, 14], "texture": "#missing"}
			}
		},
		{
			"from": [0, 30, 1],
			"to": [15, 31, 15],
			"faces": {
				"north": {"uv": [0, 0, 15, 1], "texture": "#missing"},
				"east": {"uv": [0, 0, 14, 1], "texture": "#0"},
				"south": {"uv": [0, 0, 15, 1], "texture": "#missing"},
				"west": {"uv": [0, 0, 14, 1], "texture": "#missing"},
				"up": {"uv": [0, 0, 15, 14], "texture": "#0"},
				"down": {"uv": [0, 0, 15, 14], "texture": "#3"}
			}
		},
		{
			"from": [0, 20, 1],
			"to": [10, 21, 15],
			"faces": {
				"north": {"uv": [0, 0, 10, 1], "texture": "#4"},
				"east": {"uv": [0, 0, 14, 1], "texture": "#4"},
				"south": {"uv": [0, 0, 10, 1], "texture": "#4"},
				"west": {"uv": [0, 0, 14, 1], "texture": "#4"},
				"up": {"uv": [0, 0, 10, 14], "texture": "#4"},
				"down": {"uv": [0, 0, 10, 14], "texture": "#4"}
			}
		},
		{
			"from": [0, 25, 1],
			"to": [10, 26, 15],
			"faces": {
				"north": {"uv": [0, 0, 10, 1], "texture": "#4"},
				"east": {"uv": [0, 0, 14, 1], "texture": "#4"},
				"south": {"uv": [0, 0, 10, 1], "texture": "#4"},
				"west": {"uv": [0, 0, 14, 1], "texture": "#4"},
				"up": {"uv": [0, 0, 10, 14], "texture": "#4"},
				"down": {"uv": [0, 0, 10, 14], "texture": "#4"}
			}
		},
		{
			"from": [3, 26, 3],
			"to": [7, 27, 6],
			"faces": {
				"north": {"uv": [0, 0, 4, 1], "texture": "#0"},
				"east": {"uv": [0, 0, 3, 1], "texture": "#0"},
				"south": {"uv": [0, 0, 4, 1], "texture": "#0"},
				"west": {"uv": [0, 0, 3, 1], "texture": "#0"},
				"up": {"uv": [0, 0, 4, 3], "texture": "#0"},
				"down": {"uv": [0, 0, 4, 3], "texture": "#0"}
			}
		},
		{
			"from": [15.25, 16, 2.75],
			"to": [29, 16.25, 4.75],
			"rotation": {"angle": -22.5, "axis": "y", "origin": [20.5, 20.5, 4.5]},
			"faces": {
				"north": {"uv": [0, 0, 13.75, 0.25], "texture": "#4"},
				"east": {"uv": [0, 0, 2, 0.25], "texture": "#4"},
				"south": {"uv": [0, 0, 13.75, 0.25], "texture": "#4"},
				"west": {"uv": [0, 0, 2, 0.25], "texture": "#4"},
				"up": {"uv": [0, 0, 13.75, 2], "texture": "#4"},
				"down": {"uv": [0, 0, 13.75, 2], "texture": "#4"}
			}
		},
		{
			"from": [15.25, 16.25, 4.5],
			"to": [29, 17.75, 4.75],
			"rotation": {"angle": -22.5, "axis": "y", "origin": [20.5, 20.5, 4.5]},
			"faces": {
				"north": {"uv": [0, 0, 13.75, 1.5], "texture": "#4"},
				"east": {"uv": [0, 0, 0.25, 1.5], "texture": "#4"},
				"south": {"uv": [0, 0, 13.75, 1.5], "texture": "#4"},
				"west": {"uv": [0, 0, 0.25, 1.5], "texture": "#4"},
				"up": {"uv": [0, 0, 13.75, 0.25], "texture": "#4"},
				"down": {"uv": [0, 0, 13.75, 0.25], "texture": "#4"}
			}
		},
		{
			"from": [28.75, 16.25, 2.75],
			"to": [29, 17.75, 4.5],
			"rotation": {"angle": -22.5, "axis": "y", "origin": [20.5, 20.5, 4.5]},
			"faces": {
				"north": {"uv": [0, 0, 0.25, 1.5], "texture": "#4"},
				"east": {"uv": [0, 0, 1.75, 1.5], "texture": "#4"},
				"south": {"uv": [0, 0, 0.25, 1.5], "texture": "#4"},
				"west": {"uv": [0, 0, 1.75, 1.5], "texture": "#4"},
				"up": {"uv": [0, 0, 0.25, 1.75], "texture": "#4"},
				"down": {"uv": [0, 0, 0.25, 1.75], "texture": "#4"}
			}
		},
		{
			"from": [15.25, 16.25, 2.75],
			"to": [15.5, 17.75, 4.5],
			"rotation": {"angle": -22.5, "axis": "y", "origin": [20.5, 20.5, 4.5]},
			"faces": {
				"north": {"uv": [0, 0, 0.25, 1.5], "texture": "#4"},
				"east": {"uv": [0, 0, 1.75, 1.5], "texture": "#4"},
				"south": {"uv": [0, 0, 0.25, 1.5], "texture": "#4"},
				"west": {"uv": [0, 0, 1.75, 1.5], "texture": "#4"},
				"up": {"uv": [0, 0, 0.25, 1.75], "texture": "#4"},
				"down": {"uv": [0, 0, 0.25, 1.75], "texture": "#4"}
			}
		},
		{
			"from": [15.25, 23, 2.75],
			"to": [29, 23.25, 4.75],
			"rotation": {"angle": -22.5, "axis": "y", "origin": [20.5, 20.5, 4.5]},
			"faces": {
				"north": {"uv": [0, 0, 13.75, 0.25], "texture": "#4"},
				"east": {"uv": [0, 0, 2, 0.25], "texture": "#4"},
				"south": {"uv": [0, 0, 13.75, 0.25], "texture": "#4"},
				"west": {"uv": [0, 0, 2, 0.25], "texture": "#4"},
				"up": {"uv": [0, 0, 13.75, 2], "texture": "#4"},
				"down": {"uv": [0, 0, 13.75, 2], "texture": "#4"}
			}
		},
		{
			"from": [28.75, 23.25, 2.75],
			"to": [29, 24.75, 4.5],
			"rotation": {"angle": -22.5, "axis": "y", "origin": [20.5, 20.5, 4.5]},
			"faces": {
				"north": {"uv": [0, 0, 0.25, 1.5], "texture": "#4"},
				"east": {"uv": [0, 0, 1.75, 1.5], "texture": "#4"},
				"south": {"uv": [0, 0, 0.25, 1.5], "texture": "#4"},
				"west": {"uv": [0, 0, 1.75, 1.5], "texture": "#4"},
				"up": {"uv": [0, 0, 0.25, 1.75], "texture": "#4"},
				"down": {"uv": [0, 0, 0.25, 1.75], "texture": "#4"}
			}
		},
		{
			"from": [15.25, 23.25, 4.5],
			"to": [29, 24.75, 4.75],
			"rotation": {"angle": -22.5, "axis": "y", "origin": [20.5, 20.5, 4.5]},
			"faces": {
				"north": {"uv": [0, 0, 13.75, 1.5], "texture": "#4"},
				"east": {"uv": [0, 0, 0.25, 1.5], "texture": "#4"},
				"south": {"uv": [0, 0, 13.75, 1.5], "texture": "#4"},
				"west": {"uv": [0, 0, 0.25, 1.5], "texture": "#4"},
				"up": {"uv": [0, 0, 13.75, 0.25], "texture": "#4"},
				"down": {"uv": [0, 0, 13.75, 0.25], "texture": "#4"}
			}
		},
		{
			"from": [15.25, 23.25, 2.75],
			"to": [15.5, 24.75, 4.5],
			"rotation": {"angle": -22.5, "axis": "y", "origin": [20.5, 20.5, 4.5]},
			"faces": {
				"north": {"uv": [0, 0, 0.25, 1.5], "texture": "#4"},
				"east": {"uv": [0, 0, 1.75, 1.5], "texture": "#4"},
				"south": {"uv": [0, 0, 0.25, 1.5], "texture": "#4"},
				"west": {"uv": [0, 0, 1.75, 1.5], "texture": "#4"},
				"up": {"uv": [0, 0, 0.25, 1.75], "texture": "#4"},
				"down": {"uv": [0, 0, 0.25, 1.75], "texture": "#4"}
			}
		},
		{
			"from": [20, 16.25, 3],
			"to": [21, 19.25, 4],
			"rotation": {"angle": -22.5, "axis": "y", "origin": [20.5, 18.5, 4.5]},
			"faces": {
				"north": {"uv": [0, 0, 1, 3], "texture": "#5"},
				"east": {"uv": [1, 1, 2, 4], "texture": "#5"},
				"south": {"uv": [1, 1, 2, 4], "texture": "#5"},
				"west": {"uv": [0, 0, 1, 3], "texture": "#5"},
				"up": {"uv": [0, 0, 1, 1], "texture": "#5"},
				"down": {"uv": [0, 0, 1, 1], "texture": "#5"}
			}
		},
		{
			"from": [3, 21, 7],
			"to": [7, 22, 10],
			"faces": {
				"north": {"uv": [0, 0, 4, 1], "texture": "#5"},
				"east": {"uv": [0, 0, 3, 1], "texture": "#5"},
				"south": {"uv": [0, 0, 4, 1], "texture": "#5"},
				"west": {"uv": [0, 0, 3, 1], "texture": "#5"},
				"up": {"uv": [0, 0, 4, 3], "texture": "#5"},
				"down": {"uv": [0, 0, 4, 3], "texture": "#5"}
			}
		},
		{
			"from": [1, 26, 8],
			"to": [8, 29, 11],
			"faces": {
				"north": {"uv": [0, 0, 7, 3], "texture": "#6"},
				"east": {"uv": [0, 0, 3, 3], "texture": "#6"},
				"south": {"uv": [0, 0, 7, 3], "texture": "#6"},
				"west": {"uv": [0, 0, 3, 3], "texture": "#6"},
				"up": {"uv": [0, 0, 7, 3], "texture": "#6"},
				"down": {"uv": [0, 0, 7, 3], "texture": "#6"}
			}
		},
		{
			"from": [8, 27, 9],
			"to": [10, 28, 10],
			"faces": {
				"north": {"uv": [0, 0, 2, 1], "texture": "#7"},
				"east": {"uv": [0, 0, 1, 1], "texture": "#7"},
				"south": {"uv": [0, 0, 2, 1], "texture": "#7"},
				"west": {"uv": [0, 0, 1, 1], "texture": "#7"},
				"up": {"uv": [0, 0, 2, 1], "texture": "#7"},
				"down": {"uv": [0, 0, 2, 1], "texture": "#7"}
			}
		}
	],
	"display": {
		"thirdperson_righthand": {
			"rotation": [90, 0, 0],
			"translation": [-2.5, -2, -3]
		}
	},
	"groups": [
		{
			"name": "group",
			"children": [0, 1, 2, 3, 4, 5, 6, 7, 8, 9, 10, 11, 12, 13, 14, 15, 16, 17, 18, 19, 20, 21, 22, 23, 24]
		}, 25, 26, 27, 28, 29, 30, 31, 32, 33, 34, 35, 36, 37, 38, 39]
}