{
	"credit": "By Aillyaes",
	"textures": {
		"0": "block/red_concrete",
		"1": "block/black_concrete",
		"2": "block/pure/pure_color04",
		"3": "block/blue_concrete",
		"4": "block/white_terracotta",
		"5": "block/debug2",
		"6": "block/cut_red_sandstone",
		"7": "block/white_wool",
		"8": "block/gray_concrete",
		"9": "block/iron_block",
		"particle": "block/red_concrete"
	},
	"elements": [
		{
			"from": [-6, 19, 6],
			"to": [22, 32, 16],
			"faces": {
				"north": {"uv": [0, 0, 16, 13], "texture": "#4"},
				"east": {"uv": [0, 0, 10, 13], "texture": "#4"},
				"south": {"uv": [0, 0, 16, 13], "texture": "#4"},
				"west": {"uv": [0, 0, 10, 13], "texture": "#4"},
				"up": {"uv": [0, 0, 16, 10], "texture": "#4"},
				"down": {"uv": [0, 0, 16, 10], "texture": "#4"}
			}
		},
		{
			"from": [4, 17, 6],
			"to": [12, 19, 15],
			"faces": {
				"north": {"uv": [0, 0, 8, 2], "texture": "#2"},
				"east": {"uv": [0, 0, 9, 2], "texture": "#1"},
				"south": {"uv": [0, 0, 8, 2], "texture": "#1"},
				"west": {"uv": [0, 0, 9, 2], "texture": "#1"},
				"up": {"uv": [0, 0, 8, 9], "texture": "#missing"},
				"down": {"uv": [0, 0, 8, 9], "texture": "#1"}
			}
		},
		{
			"from": [-6, 21, 4],
			"to": [22, 30, 6],
			"faces": {
				"north": {"uv": [0, 0, 16, 9], "texture": "#4"},
				"east": {"uv": [0, 0, 2, 9], "texture": "#4"},
				"south": {"uv": [0, 0, 16, 9], "texture": "#4"},
				"west": {"uv": [0, 0, 2, 9], "texture": "#4"},
				"up": {"uv": [0, 0, 16, 2], "texture": "#4"},
				"down": {"uv": [0, 0, 16, 2], "texture": "#4"}
			}
		},
		{
			"from": [20, 18, 10],
			"to": [21, 19, 11],
			"faces": {
				"north": {"uv": [0, 0, 1, 1], "texture": "#1"},
				"east": {"uv": [0, 0, 1, 1], "texture": "#1"},
				"south": {"uv": [0, 0, 1, 1], "texture": "#1"},
				"west": {"uv": [0, 0, 1, 1], "texture": "#1"},
				"up": {"uv": [0, 0, 1, 1], "texture": "#1"},
				"down": {"uv": [0, 0, 1, 1], "texture": "#1"}
			}
		},
		{
			"from": [17, 18, 10],
			"to": [18, 19, 11],
			"faces": {
				"north": {"uv": [0, 0, 1, 1], "texture": "#0"},
				"east": {"uv": [0, 0, 1, 1], "texture": "#0"},
				"south": {"uv": [0, 0, 1, 1], "texture": "#0"},
				"west": {"uv": [0, 0, 1, 1], "texture": "#0"},
				"up": {"uv": [0, 0, 1, 1], "texture": "#0"},
				"down": {"uv": [0, 0, 1, 1], "texture": "#0"}
			}
		},
		{
			"from": [14, 18, 10],
			"to": [15, 19, 11],
			"faces": {
				"north": {"uv": [0, 0, 1, 1], "texture": "#3"},
				"east": {"uv": [0, 0, 1, 1], "texture": "#3"},
				"south": {"uv": [0, 0, 1, 1], "texture": "#3"},
				"west": {"uv": [0, 0, 1, 1], "texture": "#3"},
				"up": {"uv": [0, 0, 1, 1], "texture": "#3"},
				"down": {"uv": [0, 0, 1, 1], "texture": "#3"}
			}
		},
		{
			"from": [17.25, 16, 10.25],
			"to": [17.75, 18, 10.75],
			"faces": {
				"north": {"uv": [0, 0, 0.5, 2], "texture": "#8"},
				"east": {"uv": [0, 0, 0.5, 2], "texture": "#8"},
				"south": {"uv": [0, 0, 0.5, 2], "texture": "#8"},
				"west": {"uv": [0, 0, 0.5, 2], "texture": "#8"},
				"up": {"uv": [0, 0, 0.5, 0.5], "texture": "#8"},
				"down": {"uv": [0, 0, 0.5, 0.5], "texture": "#8"}
			}
		},
		{
			"from": [14.25, 16, 10.25],
			"to": [14.75, 18, 10.75],
			"faces": {
				"north": {"uv": [0, 0, 0.5, 2], "texture": "#8"},
				"east": {"uv": [0, 0, 0.5, 2], "texture": "#8"},
				"south": {"uv": [0, 0, 0.5, 2], "texture": "#8"},
				"west": {"uv": [0, 0, 0.5, 2], "texture": "#8"},
				"up": {"uv": [0, 0, 0.5, 0.5], "texture": "#8"},
				"down": {"uv": [0, 0, 0.5, 0.5], "texture": "#8"}
			}
		},
		{
			"from": [14.25, 15.5, 10.25],
			"to": [17.75, 16, 10.75],
			"faces": {
				"north": {"uv": [0, 0, 3.5, 0.5], "texture": "#8"},
				"east": {"uv": [0, 0, 0.5, 0.5], "texture": "#8"},
				"south": {"uv": [0, 0, 3.5, 0.5], "texture": "#8"},
				"west": {"uv": [0, 0, 0.5, 0.5], "texture": "#8"},
				"up": {"uv": [0, 0, 3.5, 0.5], "texture": "#8"},
				"down": {"uv": [0, 0, 3.5, 0.5], "texture": "#8"}
			}
		},
		{
			"from": [15.75, 15.5, 10],
			"to": [16.25, 16, 10.25],
			"faces": {
				"north": {"uv": [0, 0, 0.5, 0.5], "texture": "#6"},
				"east": {"uv": [0, 0, 0.25, 0.5], "texture": "#6"},
				"south": {"uv": [0, 0, 0.5, 0.5], "texture": "#6"},
				"west": {"uv": [0, 0, 0.25, 0.5], "texture": "#6"},
				"up": {"uv": [0, 0, 0.5, 0.25], "texture": "#6"},
				"down": {"uv": [0, 0, 0.5, 0.25], "texture": "#6"}
			}
		},
		{
			"from": [15.75, 14.5, 9.9],
			"to": [16.25, 16, 10],
			"faces": {
				"north": {"uv": [0, 0, 0.5, 1.5], "texture": "#7"},
				"east": {"uv": [0, 0, 0.1, 1.5], "texture": "#7"},
				"south": {"uv": [0, 0, 0.5, 1.5], "texture": "#7"},
				"west": {"uv": [0, 0, 0.1, 1.5], "texture": "#7"},
				"up": {"uv": [0, 0, 0.5, 0.1], "texture": "#7"},
				"down": {"uv": [0, 0, 0.5, 0.1], "texture": "#7"}
			}
		},
		{
			"from": [15.8, -13, 10.3],
			"to": [16.2, 15.5, 10.7],
			"faces": {
				"north": {"uv": [0, 0, 0.4, 16], "texture": "#8"},
				"east": {"uv": [0, 0, 0.4, 16], "texture": "#8"},
				"south": {"uv": [0, 0, 0.4, 16], "texture": "#8"},
				"west": {"uv": [0, 0, 0.4, 16], "texture": "#8"},
				"up": {"uv": [0, 0, 0.4, 0.4], "texture": "#8"},
				"down": {"uv": [0, 0, 0.4, 0.4], "texture": "#8"}
			}
		},
		{
			"from": [14.25, 16, 10.75],
			"to": [14.75, 16.5, 16.05],
			"faces": {
				"north": {"uv": [0, 0, 0.5, 0.5], "texture": "#8"},
				"east": {"uv": [0, 0, 5.3, 0.5], "texture": "#8"},
				"south": {"uv": [0, 0, 0.5, 0.5], "texture": "#8"},
				"west": {"uv": [0, 0, 5.3, 0.5], "texture": "#8"},
				"up": {"uv": [0, 0, 0.5, 5.3], "texture": "#8"},
				"down": {"uv": [0, 0, 0.5, 5.3], "texture": "#8"}
			}
		},
		{
			"from": [0, 29, 16],
			"to": [16, 30, 16.25],
			"faces": {
				"north": {"uv": [0, 0, 16, 1], "texture": "#6"},
				"east": {"uv": [0, 0, 0.25, 1], "texture": "#6"},
				"south": {"uv": [0, 0, 16, 1], "texture": "#6"},
				"west": {"uv": [0, 0, 0.25, 1], "texture": "#6"},
				"up": {"uv": [0, 0, 16, 0.25], "texture": "#6"},
				"down": {"uv": [0, 0, 16, 0.25], "texture": "#6"}
			}
		},
		{
			"from": [0, 21, 16],
			"to": [16, 22, 16.25],
			"faces": {
				"north": {"uv": [0, 0, 16, 1], "texture": "#6"},
				"east": {"uv": [0, 0, 0.25, 1], "texture": "#6"},
				"south": {"uv": [0, 0, 16, 1], "texture": "#6"},
				"west": {"uv": [0, 0, 0.25, 1], "texture": "#6"},
				"up": {"uv": [0, 0, 16, 0.25], "texture": "#6"},
				"down": {"uv": [0, 0, 16, 0.25], "texture": "#6"}
			}
		},
		{
			"from": [1, 22, 16],
			"to": [2, 29, 16.25],
			"faces": {
				"north": {"uv": [0, 0, 1, 7], "texture": "#6"},
				"east": {"uv": [0, 0, 0.25, 7], "texture": "#6"},
				"south": {"uv": [0, 0, 1, 7], "texture": "#6"},
				"west": {"uv": [0, 0, 0.25, 7], "texture": "#6"},
				"up": {"uv": [0, 0, 1, 0.25], "texture": "#6"},
				"down": {"uv": [0, 0, 1, 0.25], "texture": "#6"}
			}
		},
		{
			"from": [14, 22, 16],
			"to": [15, 29, 16.25],
			"faces": {
				"north": {"uv": [0, 0, 1, 7], "texture": "#6"},
				"east": {"uv": [0, 0, 0.25, 7], "texture": "#6"},
				"south": {"uv": [0, 0, 1, 7], "texture": "#6"},
				"west": {"uv": [0, 0, 0.25, 7], "texture": "#6"},
				"up": {"uv": [0, 0, 1, 0.25], "texture": "#6"},
				"down": {"uv": [0, 0, 1, 0.25], "texture": "#6"}
			}
		},
		{
			"from": [14.25, 7.75, 15.55],
			"to": [14.75, 16, 16.05],
			"faces": {
				"north": {"uv": [0, 0, 0.5, 8.25], "texture": "#8"},
				"east": {"uv": [0, 0, 0.5, 8.25], "texture": "#8"},
				"south": {"uv": [0, 0, 0.5, 8.25], "texture": "#8"},
				"west": {"uv": [0, 0, 0.5, 8.25], "texture": "#8"},
				"up": {"uv": [0, 0, 0.5, 0.5], "texture": "#8"},
				"down": {"uv": [0, 0, 0.5, 0.5], "texture": "#8"}
			}
		},
		{
			"from": [16.2, -13, 10.3],
			"to": [19.6, -12.6, 10.7],
			"faces": {
				"north": {"uv": [0, 0, 3.4, 0.4], "texture": "#8"},
				"east": {"uv": [0, 0, 0.4, 0.4], "texture": "#8"},
				"south": {"uv": [0, 0, 3.4, 0.4], "texture": "#8"},
				"west": {"uv": [0, 0, 0.4, 0.4], "texture": "#8"},
				"up": {"uv": [0, 0, 3.4, 0.4], "texture": "#8"},
				"down": {"uv": [0, 0, 3.4, 0.4], "texture": "#8"}
			}
		},
		{
			"from": [19.2, -13, 10.3],
			"to": [19.6, 8.4, 10.7],
			"faces": {
				"north": {"uv": [0, 0, 0.4, 16], "texture": "#8"},
				"east": {"uv": [0, 0, 0.4, 16], "texture": "#8"},
				"south": {"uv": [0, 0, 0.4, 16], "texture": "#8"},
				"west": {"uv": [0, 0, 0.4, 16], "texture": "#8"},
				"up": {"uv": [0, 0, 0.4, 0.4], "texture": "#8"},
				"down": {"uv": [0, 0, 0.4, 0.4], "texture": "#8"}
			}
		},
		{
			"from": [19.15, 8.4, 10.25],
			"to": [19.65, 9.8, 10.75],
			"faces": {
				"north": {"uv": [0, 0, 0.5, 1.4], "texture": "#7"},
				"east": {"uv": [0, 0, 0.5, 1.4], "texture": "#7"},
				"south": {"uv": [0, 0, 0.5, 1.4], "texture": "#7"},
				"west": {"uv": [0, 0, 0.5, 1.4], "texture": "#7"},
				"up": {"uv": [0, 0, 0.5, 0.5], "texture": "#7"},
				"down": {"uv": [0, 0, 0.5, 0.5], "texture": "#7"}
			}
		},
		{
			"from": [18.9, 10, 8],
			"to": [19.9, 10.5, 11],
			"rotation": {"angle": 22.5, "axis": "x", "origin": [19.5, 10.25, 9.5]},
			"faces": {
				"north": {"uv": [0, 0, 1, 0.5], "texture": "#7"},
				"east": {"uv": [0, 0, 3, 0.5], "texture": "#7"},
				"south": {"uv": [0, 0, 1, 0.5], "texture": "#7"},
				"west": {"uv": [0, 0, 3, 0.5], "texture": "#7"},
				"up": {"uv": [0, 0, 1, 3], "texture": "#7"},
				"down": {"uv": [0, 0, 1, 3], "texture": "#7"}
			}
		},
		{
			"from": [18.65, 7.95, 10.5],
			"to": [19.15, 9.45, 11],
			"faces": {
				"north": {"uv": [0, 0, 0.5, 1.5], "texture": "#9"},
				"east": {"uv": [0, 0, 0.5, 1.5], "texture": "#9"},
				"south": {"uv": [0, 0, 0.5, 1.5], "texture": "#9"},
				"west": {"uv": [0, 0, 0.5, 1.5], "texture": "#9"},
				"up": {"uv": [0, 0, 0.5, 0.5], "texture": "#9"},
				"down": {"uv": [0, 0, 0.5, 0.5], "texture": "#9"}
			}
		},
		{
			"from": [19.65, 7.95, 10.5],
			"to": [20.15, 9.45, 11],
			"faces": {
				"north": {"uv": [0, 0, 0.5, 1.5], "texture": "#9"},
				"east": {"uv": [0, 0, 0.5, 1.5], "texture": "#9"},
				"south": {"uv": [0, 0, 0.5, 1.5], "texture": "#9"},
				"west": {"uv": [0, 0, 0.5, 1.5], "texture": "#9"},
				"up": {"uv": [0, 0, 0.5, 0.5], "texture": "#9"},
				"down": {"uv": [0, 0, 0.5, 0.5], "texture": "#9"}
			}
		},
		{
			"from": [18.65, 9.2, 11],
			"to": [20.15, 9.45, 16.25],
			"faces": {
				"north": {"uv": [0, 0, 1.5, 0.25], "texture": "#9"},
				"east": {"uv": [0, 0, 5.25, 0.25], "texture": "#9"},
				"south": {"uv": [0, 0, 1.5, 0.25], "texture": "#9"},
				"west": {"uv": [0, 0, 5.25, 0.25], "texture": "#9"},
				"up": {"uv": [0, 0, 1.5, 5.25], "texture": "#9"},
				"down": {"uv": [0, 0, 1.5, 5.25], "texture": "#9"}
			}
		},
		{
			"from": [18.65, 9.45, 16],
			"to": [20.15, 9.7, 16.25],
			"faces": {
				"north": {"uv": [0, 0, 1.5, 0.25], "texture": "#9"},
				"east": {"uv": [0, 0, 0.25, 0.25], "texture": "#9"},
				"south": {"uv": [0, 0, 1.5, 0.25], "texture": "#9"},
				"west": {"uv": [0, 0, 0.25, 0.25], "texture": "#9"},
				"up": {"uv": [0, 0, 1.5, 0.25], "texture": "#9"},
				"down": {"uv": [0, 0, 1.5, 0.25], "texture": "#9"}
			}
		},
		{
			"from": [18.65, 8.95, 16],
			"to": [20.15, 9.2, 16.25],
			"faces": {
				"north": {"uv": [0, 0, 1.5, 0.25], "texture": "#9"},
				"east": {"uv": [0, 0, 0.25, 0.25], "texture": "#9"},
				"south": {"uv": [0, 0, 1.5, 0.25], "texture": "#9"},
				"west": {"uv": [0, 0, 0.25, 0.25], "texture": "#9"},
				"up": {"uv": [0, 0, 1.5, 0.25], "texture": "#9"},
				"down": {"uv": [0, 0, 1.5, 0.25], "texture": "#9"}
			}
		},
		{
			"from": [19.35, 10.2, 11.5],
			"to": [19.45, 10.3, 16.6],
			"rotation": {"angle": -22.5, "axis": "x", "origin": [19.4, 9.5, 13.55]},
			"faces": {
				"north": {"uv": [0, 0, 0.1, 0.1], "texture": "#9"},
				"east": {"uv": [0, 0, 5.1, 0.1], "texture": "#9"},
				"south": {"uv": [0, 0, 0.1, 0.1], "texture": "#9"},
				"west": {"uv": [0, 0, 5.1, 0.1], "texture": "#9"},
				"up": {"uv": [0, 0, 0.1, 5.1], "texture": "#9"},
				"down": {"uv": [0, 0, 0.1, 5.1], "texture": "#9"}
			}
		},
		{
			"from": [18.65, 10.95, 16],
			"to": [20.15, 11.7, 16.25],
			"faces": {
				"north": {"uv": [0, 0, 1.5, 0.75], "texture": "#9"},
				"east": {"uv": [0, 0, 0.25, 0.75], "texture": "#9"},
				"south": {"uv": [0, 0, 1.5, 0.75], "texture": "#9"},
				"west": {"uv": [0, 0, 0.25, 0.75], "texture": "#9"},
				"up": {"uv": [0, 0, 1.5, 0.25], "texture": "#9"},
				"down": {"uv": [0, 0, 1.5, 0.25], "texture": "#9"}
			}
		},
		{
			"from": [14, 12, 15.45],
			"to": [15, 12.2, 15.55],
			"faces": {
				"north": {"uv": [0, 0, 1, 0.2], "texture": "#6"},
				"east": {"uv": [0, 0, 0.1, 0.2], "texture": "#6"},
				"south": {"uv": [0, 0, 1, 0.2], "texture": "#6"},
				"west": {"uv": [0, 0, 0.1, 0.2], "texture": "#6"},
				"up": {"uv": [0, 0, 1, 0.1], "texture": "#6"},
				"down": {"uv": [0, 0, 1, 0.1], "texture": "#6"}
			}
		},
		{
			"from": [14, 12, 15.55],
			"to": [14.25, 12.2, 16.25],
			"faces": {
				"north": {"uv": [0, 0, 0.25, 0.2], "texture": "#6"},
				"east": {"uv": [0, 0, 0.7, 0.2], "texture": "#6"},
				"south": {"uv": [0, 0, 0.25, 0.2], "texture": "#6"},
				"west": {"uv": [0, 0, 0.7, 0.2], "texture": "#6"},
				"up": {"uv": [0, 0, 0.25, 0.7], "texture": "#6"},
				"down": {"uv": [0, 0, 0.25, 0.7], "texture": "#6"}
			}
		},
		{
			"from": [14.75, 12, 15.55],
			"to": [15, 12.2, 16.25],
			"faces": {
				"north": {"uv": [0, 0, 0.25, 0.2], "texture": "#6"},
				"east": {"uv": [0, 0, 0.7, 0.2], "texture": "#6"},
				"south": {"uv": [0, 0, 0.25, 0.2], "texture": "#6"},
				"west": {"uv": [0, 0, 0.7, 0.2], "texture": "#6"},
				"up": {"uv": [0, 0, 0.25, 0.7], "texture": "#6"},
				"down": {"uv": [0, 0, 0.25, 0.7], "texture": "#6"}
			}
		},
		{
			"from": [17.25, 16, 10.75],
			"to": [17.75, 16.5, 11.05],
			"faces": {
				"north": {"uv": [0, 0, 0.5, 0.5], "texture": "#6"},
				"east": {"uv": [0, 0, 0.3, 0.5], "texture": "#6"},
				"south": {"uv": [0, 0, 0.5, 0.5], "texture": "#6"},
				"west": {"uv": [0, 0, 0.3, 0.5], "texture": "#6"},
				"up": {"uv": [0, 0, 0.5, 0.3], "texture": "#6"},
				"down": {"uv": [0, 0, 0.5, 0.3], "texture": "#6"}
			}
		},
		{
			"from": [14.4, 8.35, 15.15],
			"to": [14.6, 9.6, 15.35],
			"faces": {
				"north": {"uv": [0, 0, 1.25, 0.2], "rotation": 90, "texture": "#0"},
				"east": {"uv": [0, 0, 1.25, 0.2], "rotation": 270, "texture": "#0"},
				"south": {"uv": [0, 0, 1.25, 0.2], "rotation": 270, "texture": "#0"},
				"west": {"uv": [0, 0, 1.25, 0.2], "rotation": 90, "texture": "#0"},
				"up": {"uv": [0, 0, 0.2, 0.2], "rotation": 270, "texture": "#0"},
				"down": {"uv": [0, 0, 0.2, 0.2], "rotation": 270, "texture": "#0"}
			}
		},
		{
			"from": [14.4, 8.85, 15.35],
			"to": [14.6, 9.1, 15.55],
			"faces": {
				"north": {"uv": [0, 0, 0.25, 0.2], "rotation": 90, "texture": "#6"},
				"east": {"uv": [0, 0, 0.25, 0.2], "rotation": 270, "texture": "#6"},
				"south": {"uv": [0, 0, 0.25, 0.2], "rotation": 270, "texture": "#6"},
				"west": {"uv": [0, 0, 0.25, 0.2], "rotation": 90, "texture": "#6"},
				"up": {"uv": [0, 0, 0.2, 0.2], "rotation": 270, "texture": "#6"},
				"down": {"uv": [0, 0, 0.2, 0.2], "rotation": 270, "texture": "#6"}
			}
		},
		{
			"from": [14.25, 7.75, 16.05],
			"to": [14.75, 8.25, 16.25],
			"faces": {
				"north": {"uv": [0, 0, 0.5, 0.5], "texture": "#8"},
				"east": {"uv": [0, 0, 0.2, 0.5], "texture": "#8"},
				"south": {"uv": [0, 0, 0.5, 0.5], "texture": "#8"},
				"west": {"uv": [0, 0, 0.2, 0.5], "texture": "#8"},
				"up": {"uv": [0, 0, 0.5, 0.2], "texture": "#8"},
				"down": {"uv": [0, 0, 0.5, 0.2], "texture": "#8"}
			}
		},
		{
			"from": [-4, 23, 3.75],
			"to": [1, 28, 4],
			"faces": {
				"north": {"uv": [8, 8, 16, 16], "texture": "#5"},
				"east": {"uv": [0, 0, 5, 0.25], "texture": "#5"},
				"south": {"uv": [0, 0, 5, 5], "texture": "#missing"},
				"west": {"uv": [0, 0, 5, 0.25], "texture": "#5"},
				"up": {"uv": [0, 0, 5, 0.25], "texture": "#5"},
				"down": {"uv": [0, 0, 5, 0.25], "texture": "#5"}
			}
		}
	],
	"display": {
		"thirdperson_righthand": {
			"rotation": [90, 0, 0],
			"translation": [-6, -1.75, -6]
		}
	},
	"groups": [
		{
			"name": "group",
			"children": [0, 1, 2, 3, 4, 5, 6, 7, 8, 9, 10, 11, 12, 13, 14, 15, 16, 17, 18, 19, 20, 21, 22, 23, 24, 25, 26, 27, 28, 29, 30, 31, 32, 33, 34, 35, 36]
		}
	]
}