{
	"credit": "By Aillyaes",
	"textures": {
		"1": "block/pure/pure_color04",
		"2": "block/pure/pure_color05",
		"3": "block/note_block",
		"particle": "block/pure/pure_color05"
	},
	"elements": [
		{
			"from": [4, 0, 4],
			"to": [12, 0.2, 12],
			"faces": {
				"north": {"uv": [0, 0, 8, 0.2], "texture": "#1"},
				"east": {"uv": [0, 0, 8, 0.2], "texture": "#1"},
				"south": {"uv": [0, 0, 8, 0.2], "texture": "#1"},
				"west": {"uv": [0, 0, 8, 0.2], "texture": "#1"},
				"up": {"uv": [0, 0, 8, 8], "texture": "#1"},
				"down": {"uv": [0, 0, 8, 8], "texture": "#1"}
			}
		},
		{
			"from": [7.25, 0.2, 7.25],
			"to": [8.75, 18, 8.75],
			"faces": {
				"north": {"uv": [0, 0, 1.5, 16], "texture": "#2"},
				"east": {"uv": [0, 0, 1.5, 16], "texture": "#2"},
				"south": {"uv": [0, 0, 1.5, 16], "texture": "#2"},
				"west": {"uv": [0, 0, 1.5, 16], "texture": "#2"},
				"up": {"uv": [0, 0, 1.5, 1.5], "texture": "#2"},
				"down": {"uv": [0, 0, 1.5, 1.5], "texture": "#2"}
			}
		},
		{
			"from": [5, 18, 6],
			"to": [11, 27, 10],
			"faces": {
				"north": {"uv": [0, 0, 6, 9], "texture": "#1"},
				"east": {"uv": [0, 0, 4, 9], "texture": "#1"},
				"south": {"uv": [0, 0, 16, 16], "texture": "#3"},
				"west": {"uv": [0, 0, 4, 9], "texture": "#1"},
				"up": {"uv": [0, 0, 6, 4], "texture": "#1"},
				"down": {"uv": [0, 0, 6, 4], "texture": "#1"}
			}
		}
	],
	"display": {
		"thirdperson_righthand": {
			"rotation": [90, 0, 0],
			"translation": [-6, -2, -4]
		}
	}
}