{
	"credit": "By Aillyaes",
	"textures": {
		"0": "block/pure/pure_color03",
		"1": "block/pure/pure_color02",
		"2": "block/pure/pure_color04",
		"particle": "block/pure/pure_color03"
	},
	"elements": [
		{
			"from": [-8, 1, 0.75],
			"to": [24, 19, 1.75],
			"faces": {
				"north": {"uv": [0, 0, 16, 16], "texture": "#missing"},
				"east": {"uv": [0, 0, 1, 16], "texture": "#missing"},
				"south": {"uv": [0, 0, 16, 16], "texture": "#2"},
				"west": {"uv": [0, 0, 1, 16], "texture": "#missing"},
				"up": {"uv": [0, 0, 16, 1], "texture": "#missing"},
				"down": {"uv": [0, 0, 16, 1], "texture": "#missing"}
			}
		},
		{
			"from": [-8, 1, 0],
			"to": [24, 19, 0.75],
			"faces": {
				"north": {"uv": [0, 0, 16, 16], "texture": "#1"},
				"east": {"uv": [0, 0, 0.7, 16], "texture": "#1"},
				"south": {"uv": [0, 0, 16, 16], "texture": "#1"},
				"west": {"uv": [0, 0, 0.7, 16], "texture": "#1"},
				"up": {"uv": [0, 0, 16, 0.7], "texture": "#1"},
				"down": {"uv": [0, 0, 16, 0.7], "texture": "#1"}
			}
		},
		{
			"from": [-7, 0, 0.75],
			"to": [25, 1, 2],
			"faces": {
				"north": {"uv": [0, 0, 16, 1], "texture": "#1"},
				"east": {"uv": [0, 0, 1.2, 1], "texture": "#1"},
				"south": {"uv": [0, 0, 16, 1], "texture": "#1"},
				"west": {"uv": [0, 0, 1.2, 1], "texture": "#1"},
				"up": {"uv": [0, 0, 16, 1.2], "texture": "#1"},
				"down": {"uv": [0, 0, 16, 1.2], "texture": "#1"}
			}
		},
		{
			"from": [24, 1, 0.75],
			"to": [25, 20, 2],
			"faces": {
				"north": {"uv": [0, 0, 1, 16], "texture": "#1"},
				"east": {"uv": [0, 0, 1.2, 16], "texture": "#1"},
				"south": {"uv": [0, 0, 1, 16], "texture": "#1"},
				"west": {"uv": [0, 0, 1.2, 16], "texture": "#1"},
				"up": {"uv": [0, 0, 1, 1.2], "texture": "#1"},
				"down": {"uv": [0, 0, 1, 1.2], "texture": "#1"}
			}
		},
		{
			"from": [-9, 0, 0.75],
			"to": [-8, 20, 2],
			"faces": {
				"north": {"uv": [0, 0, 1, 16], "texture": "#1"},
				"east": {"uv": [0, 0, 1.2, 16], "texture": "#1"},
				"south": {"uv": [0, 0, 1, 16], "texture": "#1"},
				"west": {"uv": [0, 0, 1.2, 16], "texture": "#1"},
				"up": {"uv": [0, 0, 1, 1.2], "texture": "#1"},
				"down": {"uv": [0, 0, 1, 1.2], "texture": "#1"}
			}
		},
		{
			"from": [-8, 19, 0.75],
			"to": [25, 20, 2],
			"faces": {
				"north": {"uv": [0, 0, 16, 1], "texture": "#1"},
				"east": {"uv": [0, 0, 1.2, 1], "texture": "#1"},
				"south": {"uv": [0, 0, 16, 1], "texture": "#1"},
				"west": {"uv": [0, 0, 1.2, 1], "texture": "#1"},
				"up": {"uv": [0, 0, 16, 1.2], "texture": "#1"},
				"down": {"uv": [0, 0, 16, 1.2], "texture": "#1"}
			}
		},
		{
			"from": [-8, 0, 0.75],
			"to": [-7, 1, 2],
			"faces": {
				"north": {"uv": [0, 0, 1, 1], "texture": "#1"},
				"east": {"uv": [0, 0, 1.2, 1], "texture": "#missing"},
				"south": {"uv": [0, 0, 1, 1], "texture": "#0"},
				"west": {"uv": [0, 0, 1.2, 1], "texture": "#missing"},
				"up": {"uv": [0, 0, 1, 1.2], "texture": "#1"},
				"down": {"uv": [0, 0, 1, 1.2], "texture": "#1"}
			}
		}
	],
	"display": {
		"thirdperson_righthand": {
			"rotation": [90, 0, 0],
			"translation": [-6, -2, -4]
		}
	}
}