{
"sfx.bug_loop1":{"sounds":[{"name":"amb_sfx/bug_loop","stream":true}]},
"sfx.bug_loop2":{"sounds":[{"name":"amb_sfx/bug_loop2","stream":true}]},
"sfx.bug_loop3":{"sounds":[{"name":"amb_sfx/bug_loop3","stream":true}]},
"sfx.noise1":{"sounds":[{"name":"amb_sfx/noise","stream":true}]},
"sfx.noise2":{"sounds":[{"name":"amb_sfx/noise2","stream":true}]},
"sfx.noise3":{"sounds":[{"name":"amb_sfx/noise3","stream":true}]},
"sfx.noise4":{"sounds":[{"name":"amb_sfx/noise4","stream":true}]},
"sfx.game_start":{"sounds":[{"name":"amb_sfx/music/start","stream":true}]},
"sfx.game_sleep":{"sounds":[{"name":"amb_sfx/music/sleep","stream":true}]},
"sfx.game_bg":{"sounds":[{"name":"amb_sfx/music/bg","stream":true}]},
"sfx.scare01":{"sounds":[{"name":"amb_sfx/scare","stream":true}]},
"sfx.scare02":{"sounds":[{"name":"amb_sfx/scare2","stream":true}]},
"sfx.scare03":{"sounds":[{"name":"amb_sfx/scare3","stream":true}]},
"sfx.step1":{"sounds":[{"name":"amb_sfx/step","stream":true}]},
"sfx.tv_static_loop":{"sounds":[{"name":"amb_sfx/tv_static_loop","stream":true}]},
"sfx.gong":{"sounds":[{"name":"amb_sfx/gong","stream":true}]},

"items.phone_ring1":{"sounds":[{"name":"items/phone/ring","stream":true}]},
"items.phone_ring2":{"sounds":[{"name":"items/phone/ring2","stream":true}]},
"items.gen_start":{"sounds":[{"name":"items/gen_start","stream":true}]},
"items.gen_loop":{"sounds":[{"name":"items/gen_loop","stream":true}]},
"items.gen_stop":{"sounds":[{"name":"items/gen_stop","stream":true}]},
"items.fridge_door_open":{"sounds":[{"name":"items/fridge_door_open","stream":true}]},
"items.fridge_door_off":{"sounds":[{"name":"items/fridge_door_off","stream":true}]},
"items.knocked":{"sounds":[{"name":"items/knocked","stream":true}]},

"map.ui.bubble":{"sounds":[{"name":"ui/bubble","stream":true}]},
"map.ui.wave":{"sounds":[{"name":"ui/wave","stream":true}]},
"map.ui.beep":{"sounds":[{"name":"ui/beep","stream":true}]},

"weather.thunder01":{"sounds":[{"name":"weather/thunder01","stream":true}]},
"weather.thunder02":{"sounds":[{"name":"weather/thunder02","stream":true}]},

"map.music_disk01":{"sounds":[{"name":"music/music_disk","stream":true}]},
"map.music_disk02":{"sounds":[{"name":"music/music_disk2","stream":true}]},
"map.music_err":{"sounds":[{"name":"music/md2_err_loop","stream":true}]},
"map.bg_music":{"sounds":[{"name":"music/bg_music","stream":true}]},
"map.demo_ne":{"sounds":[{"name":"music/demo_ne","stream":true}]},
"map.radio":{"sounds":[{"name":"music/radio","stream":true}]}
}