{
    "parent": "item/handheld",
    "textures": {
        "layer0": "item/diamond_sword"
    },
    "overrides": [
        {"predicate": {"damage": 0.0006406149903},"model": "item/furniture/cabinet01"},
        {"predicate": {"damage": 0.0012812299807},"model": "item/furniture/cabinet02"},
		{"predicate": {"damage": 0.0019218449711},"model": "item/equipment/tv01"},
		{"predicate": {"damage": 0.0025624599615},"model": "item/equipment/speaker"},
		{"predicate": {"damage": 0.0032030749519},"model": "item/equipment/player"},
		{"predicate": {"damage": 0.0038436899423},"model": "item/furniture/sofa01"},
		{"predicate": {"damage": 0.0044843049327},"model": "item/furniture/sofa02"},
		{"predicate": {"damage": 0.0051249199231},"model": "item/furniture/sofa03"},
		{"predicate": {"damage": 0.0057655349135},"model": "item/furniture/sofa04"},
		{"predicate": {"damage": 0.0064061499039},"model": "item/equipment/remote_control"},
		{"predicate": {"damage": 0.0070467648942},"model": "item/furniture/table01"},
		{"predicate": {"damage": 0.0076873798846},"model": "item/furniture/logo01"},
		{"predicate": {"damage": 0.0083279948750},"model": "item/furniture/logo02"},
		{"predicate": {"damage": 0.0089686098654},"model": "item/furniture/logo03"},
		{"predicate": {"damage": 0.0096092248558},"model": "item/equipment/tv02"},
		{"predicate": {"damage": 0.0102498398462},"model": "item/other/rod01"},
		{"predicate": {"damage": 0.0108904548366},"model": "item/other/ring"},
		{"predicate": {"damage": 0.0115310698270},"model": "item/other/shed01"},
		{"predicate": {"damage": 0.0121716848174},"model": "item/other/kitchen_utensils01"},
		{"predicate": {"damage": 0.0128122998078},"model": "item/furniture/cabinet03"},
		{"predicate": {"damage": 0.0134529147982},"model": "item/other/info"},
		{"predicate": {"damage": 0.0140935297885},"model": "item/other/lid"},
		{"predicate": {"damage": 0.0147341447789},"model": "item/other/fence_gate01"},
		{"predicate": {"damage": 0.0153747597693},"model": "item/furniture/table02"},
		{"predicate": {"damage": 0.0160153747597},"model": "item/equipment/fridge"},
		{"predicate": {"damage": 0.0166559897501},"model": "item/furniture/stool01"},
		{"predicate": {"damage": 0.0172966047405},"model": "item/other/sign"},
		{"predicate": {"damage": 0.0179372197309},"model": "item/furniture/table03"},
		{"predicate": {"damage": 0.0185778347213},"model": "item/other/kitchen_utensils02"},
		{"predicate": {"damage": 0.0192184497117},"model": "item/furniture/stool02"},
		{"predicate": {"damage": 0.0198590647021},"model": "item/other/woods"},
		{"predicate": {"damage": 0.0204996796925},"model": "item/equipment/heater"},
		{"predicate": {"damage": 0.0211402946828},"model": "item/other/aillyaes"},
		{"predicate": {"damage": 0.0217809096732},"model": "item/other/curtains01"},
		{"predicate": {"damage": 0.0224215246636},"model": "item/other/curtains02"},
		{"predicate": {"damage": 0.0230621396540},"model": "item/other/curtains03"},
		{"predicate": {"damage": 0.0237027546444},"model": "item/other/kitchen_utensils03"},
		{"predicate": {"damage": 0.0243433696348},"model": "item/other/kitchen_utensils04"},
		{"predicate": {"damage": 0.0249839846252},"model": "item/other/kitchen_utensils05"},
		{"predicate": {"damage": 0.0256245996156},"model": "item/other/castle"},
		{"predicate": {"damage": 0.0262652146060},"model": "item/other/rod02"},
		
		{"predicate": {"damage": 0.0269058295964},"model": "item/1.14/campfire"},
		{"predicate": {"damage": 0.0275464445868},"model": "item/1.14/campfire_off"},
		{"predicate": {"damage": 0.0281870595771},"model": "item/1.14/composter"},
		{"predicate": {"damage": 0.0288276745675},"model": "item/1.14/grindstone"},
		{"predicate": {"damage": 0.0294682895579},"model": "item/1.14/lectern"},
		{"predicate": {"damage": 0.0301089045483},"model": "item/1.14/stonecutter"},
		
		{"predicate": {"damage": 0.0307495195387},"model": "item/other/fence_gate02"},
		{"predicate": {"damage": 0.0313901345291},"model": "item/other/info2"},
		{"predicate": {"damage": 0.0320307495195},"model": "item/equipment/fridge_on"},
		{"predicate": {"damage": 0.0326713645099},"model": "item/food"},
		{"predicate": {"damage": 0.0333119795003},"model": "item/other/bowl01"},
		{"predicate": {"damage": 0.0339525944907},"model": "item/other/bowl02"},
		{"predicate": {"damage": 0.0345932094811},"model": "item/other/bowl03"},
		{"predicate": {"damage": 0.0352338244714},"model": "item/other/bowl04"},
        {"predicate": {"damage": 0.0358744394618},"model": "item/equipment/tv01_on01"},
        {"predicate": {"damage": 0.0365150544522},"model": "item/equipment/tv01_on02"},
        {"predicate": {"damage": 0.0371556694426},"model": "item/equipment/tv01_on03"},
        {"predicate": {"damage": 0.0377962844330},"model": "item/equipment/tv01_off"},
        {"predicate": {"damage": 0.0384368994234},"model": "item/equipment/tv01_on04"},
        {"predicate": {"damage": 0.0390775144138},"model": "item/equipment/tv01_on05"},
        {"predicate": {"damage": 0.0397181294042},"model": "item/other/ghost"},
        {"predicate": {"damage": 0.0403587443946},"model": "item/other/gas"},
        {"predicate": {"damage": 0.0409993593850},"model": "item/gas"},
        {"predicate": {"damage": 0.0416399743754},"model": "item/other/generator"},
        {"predicate": {"damage": 0.0422805893657},"model": "item/generator"},
		{"predicate": {"damage": 0.0429212043561},"model": "item/tool"},
		{"predicate": {"damage": 0.0435618193465},"model": "item/equipment/tv01_on06"},
		{"predicate": {"damage": 0.0442024343369},"model": "item/equipment/tv01_on07"},
		{"predicate": {"damage": 0.0448430493273},"model": "item/phone_on"},
		{"predicate": {"damage": 0.0454836643177},"model": "item/phone_on2"},
		{"predicate": {"damage": 0.0461242793081},"model": "item/phone_off"},
		{"predicate": {"damage": 0.0467648942985},"model": "item/other/phone"},	
		{"predicate": {"damage": 0.0474055092889},"model": "item/1.14/stonecutter_head"},
		{"predicate": {"damage": 0.0480461242793},"model": "item/other/coffin"},
		{"predicate": {"damage": 0.0486867392696},"model": "item/null"},
		{"predicate": {"damage": 0.0493273542600},"model": "item/demo/1"},
		
		{"predicate": {"damage": 0.0499679692504},"model": "item/err/error"},
		{"predicate": {"damage": 0.0506085842408},"model": "item/err/castle"},
		{"predicate": {"damage": 0.0512491992312},"model": "item/err/aillyaes"},
		{"predicate": {"damage": 0.0518898142216},"model": "item/err/logo01"},
		{"predicate": {"damage": 0.0525304292120},"model": "item/err/logo02"},
		{"predicate": {"damage": 0.0531710442024},"model": "item/err/phone"},
		{"predicate": {"damage": 0.0538116591928},"model": "item/err/sign"},
		{"predicate": {"damage": 0.0544522741832},"model": "item/err/tv01_err"},
		
		{"predicate": {"damage": 0.0550928891736},"model": "item/equipment/tv01_on08"},
		{"predicate": {"damage": 0.0557335041639},"model": "item/other/tsthxk"},
		{"predicate": {"damage": 0.0563741191543},"model": "item/web"},
		{"predicate": {"damage": 0.0570147341447},"model": "item/1"},
		{"predicate": {"damage": 0.0576553491351},"model": "item/err/web"},
		
		{"predicate": {"damage": 0.0582959641255},"model": "item/end/1"},
		{"predicate": {"damage": 0.0589365791159},"model": "item/end/2"},
		{"predicate": {"damage": 0.0595771941063},"model": "item/end/3"},
		{"predicate": {"damage": 0.0602178090967},"model": "item/end/4"},
		{"predicate": {"damage": 0.0608584240871},"model": "item/end/5"},
		{"predicate": {"damage": 0.0614990390775},"model": "item/end/6"},
		{"predicate": {"damage": 0.0621396540679},"model": "item/end/7_1.14"},
		{"predicate": {"damage": 0.0627802690582},"model": "item/end/8"},
		{"predicate": {"damage": 0.0634208840486},"model": "item/end/9"},
		{"predicate": {"damage": 0.0640614990390},"model": "item/end/10"},
		{"predicate": {"damage": 0.0647021140294},"model": "item/end/11"},
		{"predicate": {"damage": 0.0653427290198},"model": "item/end/12"},
		
		{"predicate": {"damage": 0.0659833440102},"model": "item/end/ne"},
		{"predicate": {"damage": 0.0666239590006},"model": "item/end/te"},
		
		{"predicate": {"damage": 0.0672645739910},"model": "item/demo/2"},
		{"predicate": {"damage": 0.0679051889814},"model": "item/demo/3"},
		{"predicate": {"damage": 0.0685458039718},"model": "item/demo/4"},
		{"predicate": {"damage": 0.0691864189622},"model": "item/demo/5"},
		{"predicate": {"damage": 0.0698270339525},"model": "item/demo/6"},
		{"predicate": {"damage": 0.0704676489429},"model": "item/demo/7_1.14"},
		{"predicate": {"damage": 0.0711082639333},"model": "item/other/info3"},
		{"predicate": {"damage": 0.0717488789237},"model": "item/fx"}
    ]
}