{
	"credit": "By Aillyaes",
	"textures": {
		"0": "block/cyan_concrete_powder",
		"1": "block/hay_block_side",
		"2": "block/hay_block_top",
		"3": "item/cod_bucket",
		"particle": "block/cyan_concrete_powder"
	},
	"elements": [
		{
			"from": [5.5, 0, 0],
			"to": [10.5, 7, 1],
			"faces": {
				"north": {"uv": [0, 0, 5, 7], "texture": "#0"},
				"east": {"uv": [0, 0, 1, 7], "texture": "#0"},
				"south": {"uv": [0, 0, 5, 7], "texture": "#0"},
				"west": {"uv": [0, 0, 1, 7], "texture": "#0"},
				"up": {"uv": [0, 0, 5, 1], "texture": "#0"},
				"down": {"uv": [0, 0, 5, 1], "texture": "#0"}
			}
		},
		{
			"from": [5.5, 7, 0],
			"to": [6.5, 8, 1],
			"faces": {
				"north": {"uv": [0, 3, 2, 5], "texture": "#1"},
				"east": {"uv": [0, 3, 2, 5], "texture": "#1"},
				"south": {"uv": [0, 3, 2, 5], "texture": "#1"},
				"west": {"uv": [0, 3, 2, 5], "texture": "#1"},
				"up": {"uv": [6, 4, 8, 6], "texture": "#2"},
				"down": {"uv": [0, 0, 1, 1], "texture": "#missing"}
			}
		},
		{
			"from": [9.5, 7, 0],
			"to": [10.5, 8, 1],
			"faces": {
				"north": {"uv": [0, 3, 2, 5], "texture": "#1"},
				"east": {"uv": [0, 3, 2, 5], "texture": "#1"},
				"south": {"uv": [0, 3, 2, 5], "texture": "#1"},
				"west": {"uv": [0, 3, 2, 5], "texture": "#1"},
				"up": {"uv": [6, 4, 8, 6], "texture": "#2"},
				"down": {"uv": [0, 0, 1, 1], "texture": "#missing"}
			}
		},
		{
			"from": [6.5, 7.75, 0.25],
			"to": [9.5, 8, 0.75],
			"faces": {
				"north": {"uv": [0, 3, 2, 5], "texture": "#1"},
				"east": {"uv": [0, 0, 1, 0.25], "texture": "#missing"},
				"south": {"uv": [0, 3, 2, 5], "texture": "#1"},
				"west": {"uv": [0, 0, 1, 0.25], "texture": "#missing"},
				"up": {"uv": [0, 0, 6, 1], "texture": "#2"},
				"down": {"uv": [0, 0, 6, 1], "texture": "#2"}
			}
		},
		{
			"from": [6, 1.75, 1],
			"to": [10, 5.75, 1.01],
			"faces": {
				"south": {"uv": [0, 0, 16, 16], "texture": "#3"}
			}
		},
		{
			"from": [6.5, 7.75, 0.25],
			"to": [9.5, 8, 0.75],
			"faces": {
				"north": {"uv": [0, 3, 2, 5], "texture": "#1"},
				"east": {"uv": [0, 0, 1, 0.25], "texture": "#missing"},
				"south": {"uv": [0, 3, 2, 5], "texture": "#1"},
				"west": {"uv": [0, 0, 1, 0.25], "texture": "#missing"},
				"up": {"uv": [0, 0, 6, 1], "texture": "#2"},
				"down": {"uv": [0, 0, 3, 1], "texture": "#missing"}
			}
		}
	],
	"display": {
		"thirdperson_righthand": {
			"translation": [0, 6.5, 8.25]
		},
		"thirdperson_lefthand": {
			"translation": [0, 6.5, 8.25]
		},
		"ground": {
			"translation": [0, 3.75, 0]
		},
		"gui": {
			"rotation": [22, 22, 0],
			"translation": [5.25, 2, 0],
			"scale": [1.7, 1.8, 1.8]
		}
	}
}