{
	"credit": "By Aillyaes",
	"textures": {
		"0": "block/item/fx",
		"particle": "block/item/fx"
	},
	"elements": [
		{
			"from": [0, 0, 0],
			"to": [16, 16, 1],
			"faces": {
				"south": {"uv": [0, 0, 16, 16], "texture": "#0"}
			}
		}
	],
	"display": {
		"thirdperson_righthand": {
			"scale": [0, 0, 0]
		},
		"thirdperson_lefthand": {
			"scale": [0, 0, 0]
		},
		"firstperson_righthand": {
			"translation": [-9, 8.5, -1],
			"scale": [4, 4, 1]
		},
		"firstperson_lefthand": {
			"translation": [-9, 8.5, -1],
			"scale": [4, 4, 1]
		},
		"ground": {
			"scale": [0, 0, 0]
		},
		"gui": {
			"scale": [0, 0, 0]
		}
	}
}