{
	"credit": "By Aillyaes",
	"textures": {
		"0": "block/pure/pure_color02",
		"particle": "block/pure/pure_color02"
	},
	"elements": [
		{
			"from": [-16, 0, 16],
			"to": [32, 14, 16],
			"faces": {
				"north": {"uv": [0, 0, 16, 14], "texture": "#0"},
				"east": {"uv": [0, 0, 0, 14], "texture": "#0"},
				"south": {"uv": [0, 0, 16, 14], "texture": "#0"},
				"west": {"uv": [0, 0, 0, 14], "texture": "#0"},
				"up": {"uv": [0, 0, 16, 0], "texture": "#0"},
				"down": {"uv": [0, 0, 16, 0], "texture": "#0"}
			}
		}
	],
	"display": {
		"gui": {
			"translation": [-4.75, 4.75, 0],
			"scale": [4, 4, 0]
		}
	}
}