{
	"credit": "By Aillyaes",
	"textures": {
		"0": "block/pure/pure_color04",
		"1": "block/pure/pure_color02",
		"particle": "block/pure/pure_color04"
	},
	"elements": [
		{
			"from": [0, 0, 0],
			"to": [5, 0.25, 10],
			"faces": {
				"north": {"uv": [0, 0, 5, 0.25], "texture": "#1"},
				"east": {"uv": [0, 0, 10, 0.25], "texture": "#1"},
				"south": {"uv": [0, 0, 5, 0.25], "texture": "#1"},
				"west": {"uv": [0, 0, 10, 0.25], "texture": "#1"},
				"up": {"uv": [0, 0, 5, 10], "texture": "#1"},
				"down": {"uv": [0, 0, 5, 10], "texture": "#1"}
			}
		},
		{
			"from": [0.25, 0.25, 1],
			"to": [4.75, 0.5, 9],
			"faces": {
				"north": {"uv": [0, 0, 4.5, 0.25], "texture": "#0"},
				"east": {"uv": [0, 0, 8, 0.25], "texture": "#0"},
				"south": {"uv": [0, 0, 4.5, 0.25], "texture": "#0"},
				"west": {"uv": [0, 0, 8, 0.25], "texture": "#0"},
				"up": {"uv": [0, 0, 15.997, 16], "texture": "#0"},
				"down": {"uv": [0, 0, 4.5, 8], "texture": "#0"}
			}
		},
		{
			"from": [0, 0.25, 0],
			"to": [0.25, 0.5, 10],
			"faces": {
				"north": {"uv": [0, 0, 0.25, 0.25], "texture": "#1"},
				"east": {"uv": [0, 0, 10, 0.25], "texture": "#1"},
				"south": {"uv": [0, 0, 0.25, 0.25], "texture": "#1"},
				"west": {"uv": [0, 0, 10, 0.25], "texture": "#1"},
				"up": {"uv": [0, 0, 0.25, 10], "texture": "#1"},
				"down": {"uv": [0, 0, 0.25, 10], "texture": "#1"}
			}
		},
		{
			"from": [4.75, 0.25, 0],
			"to": [5, 0.5, 10],
			"faces": {
				"north": {"uv": [0, 0, 0.25, 0.25], "texture": "#1"},
				"east": {"uv": [0, 0, 10, 0.25], "texture": "#1"},
				"south": {"uv": [0, 0, 0.25, 0.25], "texture": "#1"},
				"west": {"uv": [0, 0, 10, 0.25], "texture": "#1"},
				"up": {"uv": [0, 0, 0.25, 10], "texture": "#1"},
				"down": {"uv": [0, 0, 0.25, 10], "texture": "#1"}
			}
		},
		{
			"from": [1.75, 0.25, 9.25],
			"to": [3.25, 0.5, 9.75],
			"faces": {
				"north": {"uv": [0, 0, 1.5, 0.25], "texture": "#0"},
				"east": {"uv": [0, 0, 0.5, 0.25], "texture": "#0"},
				"south": {"uv": [0, 0, 1.5, 0.25], "texture": "#0"},
				"west": {"uv": [0, 0, 0.5, 0.25], "texture": "#0"},
				"up": {"uv": [0, 0, 1.5, 0.5], "texture": "#0"},
				"down": {"uv": [0, 0, 1.5, 0.5], "texture": "#0"}
			}
		},
		{
			"from": [1.75, 0.25, 0.25],
			"to": [3.25, 0.45, 0.5],
			"faces": {
				"north": {"uv": [0, 0, 1.5, 0.2], "texture": "#0"},
				"east": {"uv": [0, 0, 0.25, 0.2], "texture": "#0"},
				"south": {"uv": [0, 0, 1.5, 0.2], "texture": "#0"},
				"west": {"uv": [0, 0, 0.25, 0.2], "texture": "#0"},
				"up": {"uv": [0, 0, 1.5, 0.25], "texture": "#0"},
				"down": {"uv": [0, 0, 1.5, 0.25], "texture": "#0"}
			}
		},
		{
			"from": [3.25, 0.25, 0],
			"to": [4.75, 0.5, 1],
			"faces": {
				"north": {"uv": [0, 0, 1.5, 0.25], "texture": "#1"},
				"east": {"uv": [0, 0, 1, 0.25], "texture": "#1"},
				"south": {"uv": [0, 0, 1.5, 0.25], "texture": "#1"},
				"west": {"uv": [0, 0, 1, 0.25], "texture": "#1"},
				"up": {"uv": [0, 0, 1.5, 1], "texture": "#1"},
				"down": {"uv": [0, 0, 1.5, 1], "texture": "#1"}
			}
		},
		{
			"from": [0.25, 0.25, 0],
			"to": [1.75, 0.5, 1],
			"faces": {
				"north": {"uv": [0, 0, 1.5, 0.25], "texture": "#1"},
				"east": {"uv": [0, 0, 1, 0.25], "texture": "#1"},
				"south": {"uv": [0, 0, 1.5, 0.25], "texture": "#1"},
				"west": {"uv": [0, 0, 1, 0.25], "texture": "#1"},
				"up": {"uv": [0, 0, 1.5, 1], "texture": "#1"},
				"down": {"uv": [0, 0, 1.5, 1], "texture": "#1"}
			}
		},
		{
			"from": [1.75, 0.25, 0.5],
			"to": [3.25, 0.5, 1],
			"faces": {
				"north": {"uv": [0, 0, 1.5, 0.25], "texture": "#1"},
				"east": {"uv": [0, 0, 0.5, 0.25], "texture": "#1"},
				"south": {"uv": [0, 0, 1.5, 0.25], "texture": "#1"},
				"west": {"uv": [0, 0, 0.5, 0.25], "texture": "#1"},
				"up": {"uv": [0, 0, 1.5, 0.5], "texture": "#1"},
				"down": {"uv": [0, 0, 1.5, 0.5], "texture": "#1"}
			}
		},
		{
			"from": [1.75, 0.25, 0],
			"to": [3.25, 0.5, 0.25],
			"faces": {
				"north": {"uv": [0, 0, 1.5, 0.25], "texture": "#1"},
				"east": {"uv": [0, 0, 0.25, 0.25], "texture": "#1"},
				"south": {"uv": [0, 0, 1.5, 0.25], "texture": "#1"},
				"west": {"uv": [0, 0, 0.25, 0.25], "texture": "#1"},
				"up": {"uv": [0, 0, 1.5, 0.25], "texture": "#1"},
				"down": {"uv": [0, 0, 1.5, 0.25], "texture": "#1"}
			}
		},
		{
			"from": [0.25, 0.25, 9.75],
			"to": [4.75, 0.5, 10],
			"faces": {
				"north": {"uv": [0, 0, 4.5, 0.25], "texture": "#1"},
				"east": {"uv": [0, 0, 0.25, 0.25], "texture": "#1"},
				"south": {"uv": [0, 0, 4.5, 0.25], "texture": "#1"},
				"west": {"uv": [0, 0, 0.25, 0.25], "texture": "#1"},
				"up": {"uv": [0, 0, 4.5, 0.25], "texture": "#1"},
				"down": {"uv": [0, 0, 4.5, 0.25], "texture": "#1"}
			}
		},
		{
			"from": [0.25, 0.25, 9],
			"to": [4.75, 0.5, 9.25],
			"faces": {
				"north": {"uv": [0, 0, 4.5, 0.25], "texture": "#1"},
				"east": {"uv": [0, 0, 0.25, 0.25], "texture": "#1"},
				"south": {"uv": [0, 0, 4.5, 0.25], "texture": "#1"},
				"west": {"uv": [0, 0, 0.25, 0.25], "texture": "#1"},
				"up": {"uv": [0, 0, 4.5, 0.25], "texture": "#1"},
				"down": {"uv": [0, 0, 4.5, 0.25], "texture": "#1"}
			}
		},
		{
			"from": [0.25, 0.25, 9.25],
			"to": [1.75, 0.5, 9.75],
			"faces": {
				"north": {"uv": [0, 0, 1.5, 0.25], "texture": "#1"},
				"east": {"uv": [0, 0, 0.5, 0.25], "texture": "#1"},
				"south": {"uv": [0, 0, 1.5, 0.25], "texture": "#1"},
				"west": {"uv": [0, 0, 0.5, 0.25], "texture": "#1"},
				"up": {"uv": [0, 0, 1.5, 0.5], "texture": "#1"},
				"down": {"uv": [0, 0, 1.5, 0.5], "texture": "#1"}
			}
		},
		{
			"from": [3.25, 0.25, 9.25],
			"to": [4.75, 0.5, 9.75],
			"faces": {
				"north": {"uv": [0, 0, 1.5, 0.25], "texture": "#1"},
				"east": {"uv": [0, 0, 0.5, 0.25], "texture": "#1"},
				"south": {"uv": [0, 0, 1.5, 0.25], "texture": "#1"},
				"west": {"uv": [0, 0, 0.5, 0.25], "texture": "#1"},
				"up": {"uv": [0, 0, 1.5, 0.5], "texture": "#1"},
				"down": {"uv": [0, 0, 1.5, 0.5], "texture": "#1"}
			}
		},
		{
			"from": [2, -0.15, 1],
			"to": [3, 0, 2],
			"faces": {
				"north": {"uv": [0, 0, 1, 0.15], "texture": "#0"},
				"east": {"uv": [0, 0, 1, 0.15], "texture": "#0"},
				"south": {"uv": [0, 0, 1, 0.15], "texture": "#0"},
				"west": {"uv": [0, 0, 1, 0.15], "texture": "#0"},
				"up": {"uv": [0, 0, 1, 1], "texture": "#0"},
				"down": {"uv": [0, 0, 1, 1], "texture": "#0"}
			}
		}
	],
	"display": {
		"thirdperson_righthand": {
			"rotation": [90, 0, 0],
			"translation": [5, 0, 7],
			"scale": [0.9, 0.9, 0.9]
		},
		"thirdperson_lefthand": {
			"rotation": [90, 0, 0],
			"translation": [-5, 0, 7],
			"scale": [0.9, 0.9, 0.9]
		},
		"firstperson_righthand": {
			"rotation": [90, 0, 0],
			"translation": [10, -6, 0],
			"scale": [1.2, 1.2, 1.2]
		},
		"firstperson_lefthand": {
			"rotation": [90, 0, 0],
			"translation": [0, -6, 0],
			"scale": [1.2, 1.2, 1.2]
		},
		"ground": {
			"translation": [0, 5, 0]
		},
		"gui": {
			"rotation": [90, -7, 25],
			"translation": [1.5, -4.25, 0],
			"scale": [1.4, 1.4, 1.4]
		}
	}
}