{
	"credit": "By Aillyaes",
	"textures": {
		"0": "block/item/web",
		"particle": "block/item/web"
	},
	"elements": [
		{
			"from": [-6.85, 0, 0],
			"to": [22.85, 21, 0],
			"faces": {
				"north": {"uv": [0, 0, 16, 16], "texture": "#0"},
				"east": {"uv": [0, 0, 0, 16], "texture": "#missing"},
				"south": {"uv": [0, 14.293, 3.947, 15.999], "texture": "#0"},
				"west": {"uv": [0, 0, 0, 16], "texture": "#missing"},
				"up": {"uv": [0, 0, 16, 0], "texture": "#missing"},
				"down": {"uv": [0, 0, 16, 0], "texture": "#missing"}
			}
		}
	],
	"display": {
		"thirdperson_righthand": {
			"rotation": [20, -180, 0],
			"translation": [0, 2, -0.25],
			"scale": [0.25, 0.25, 0.25]
		},
		"thirdperson_lefthand": {
			"rotation": [20, -180, 0],
			"translation": [0, 2, -0.25],
			"scale": [0.25, 0.25, 0.25]
		},
		"firstperson_righthand": {
			"rotation": [-9, -180, 0],
			"translation": [-5.5, 5.75, 4],
			"scale": [0.25, 0.25, 0.25]
		},
		"firstperson_lefthand": {
			"rotation": [-9, -180, 0],
			"translation": [-5.5, 5.75, 4],
			"scale": [0.25, 0.25, 0.25]
		},
		"ground": {
			"rotation": [-90, -180, 0],
			"translation": [0, -5.75, 0],
			"scale": [0.5, 0.5, 0.5]
		},
		"gui": {
			"rotation": [-180, 0, -180],
			"translation": [0, -1, 0],
			"scale": [0.5, 0.5, 0.5]
		}
	}
}